campaign,step,arm,schedule,row_type,length,sample_count,designability_rate,plddt_gt_80_rate,rmsd_lt_2_rate,mean_plddt,mean_ca_rmsd_a,median_ca_rmsd_a,mean_tm_score,summary_file
filtered,50000,r0_large_z4_b0p01_c0p25,constant_k3,aggregate,all,96,0.3958333333333333,0.3958333333333333,0.7395833333333334,74.7642389343722,2.1816517425157222,1.4182712511298954,0.8333477759789769,/mnt/lustre/users/kiarash-eitgbi/code/hierarchical-kaveh-runs/atom4-latent-filtered-all16-400k/b81485f257299928492ebc38a31e0eccb477fb02/recovery-esmfold-v2/esmfold/step0050000/r0_large_z4_b0p01_c0p25/panel_summary.json
filtered,50000,r0_large_z4_b0p01_c0p25,constant_k3,cell,64,32,0.6875,0.6875,0.9375,81.35761824778639,1.2788842523881137,1.0957628783132023,0.8789124706470137,/mnt/lustre/users/kiarash-eitgbi/code/hierarchical-kaveh-runs/atom4-latent-filtered-all16-400k/b81485f257299928492ebc38a31e0eccb477fb02/recovery-esmfold-v2/esmfold/step0050000/r0_large_z4_b0p01_c0p25/panel_summary.json
filtered,50000,r0_large_z4_b0p01_c0p25,constant_k3,cell,96,32,0.25,0.25,0.78125,73.24023410061403,1.7942960449970877,1.4112786414598948,0.856640815468189,/mnt/lustre/users/kiarash-eitgbi/code/hierarchical-kaveh-runs/atom4-latent-filtered-all16-400k/b81485f257299928492ebc38a31e0eccb477fb02/recovery-esmfold-v2/esmfold/step0050000/r0_large_z4_b0p01_c0p25/panel_summary.json
filtered,50000,r0_large_z4_b0p01_c0p25,constant_k3,cell,128,32,0.25,0.25,0.5,69.69486445471621,3.4717749301619665,1.9051678693621343,0.7644900418217279,/mnt/lustre/users/kiarash-eitgbi/code/hierarchical-kaveh-runs/atom4-latent-filtered-all16-400k/b81485f257299928492ebc38a31e0eccb477fb02/recovery-esmfold-v2/esmfold/step0050000/r0_large_z4_b0p01_c0p25/panel_summary.json
filtered,50000,r0_large_z8_b0p01_c0p125,constant_k3,aggregate,all,96,0.125,0.13541666666666666,0.625,67.92558790421982,3.0665295289244026,1.7590825435433282,0.7567389290488545,/mnt/lustre/users/kiarash-eitgbi/code/hierarchical-kaveh-runs/atom4-latent-filtered-all16-400k/b81485f257299928492ebc38a31e0eccb477fb02/recovery-esmfold-v2/esmfold/step0050000/r0_large_z8_b0p01_c0p125/panel_summary.json
filtered,50000,r0_large_z8_b0p01_c0p125,constant_k3,cell,64,32,0.3125,0.3125,0.84375,75.03137223732995,2.229334497757252,1.2927822897341543,0.7948646150173934,/mnt/lustre/users/kiarash-eitgbi/code/hierarchical-kaveh-runs/atom4-latent-filtered-all16-400k/b81485f257299928492ebc38a31e0eccb477fb02/recovery-esmfold-v2/esmfold/step0050000/r0_large_z8_b0p01_c0p125/panel_summary.json
filtered,50000,r0_large_z8_b0p01_c0p125,constant_k3,cell,96,32,0.0625,0.09375,0.53125,68.18085109638676,3.0983944660091214,1.8969596608688033,0.749686818083737,/mnt/lustre/users/kiarash-eitgbi/code/hierarchical-kaveh-runs/atom4-latent-filtered-all16-400k/b81485f257299928492ebc38a31e0eccb477fb02/recovery-esmfold-v2/esmfold/step0050000/r0_large_z8_b0p01_c0p125/panel_summary.json
filtered,50000,r0_large_z8_b0p01_c0p125,constant_k3,cell,128,32,0.0,0.0,0.5,60.56454037894273,3.8718596230068347,2.2109622672438265,0.7256653540454328,/mnt/lustre/users/kiarash-eitgbi/code/hierarchical-kaveh-runs/atom4-latent-filtered-all16-400k/b81485f257299928492ebc38a31e0eccb477fb02/recovery-esmfold-v2/esmfold/step0050000/r0_large_z8_b0p01_c0p125/panel_summary.json
filtered,50000,r0_z2_b0p1_c0,constant_k3,aggregate,all,96,0.3541666666666667,0.3854166666666667,0.7291666666666666,74.24363484589776,2.540536964148709,1.4276111489419117,0.8186793217147953,/mnt/lustre/users/kiarash-eitgbi/code/hierarchical-kaveh-runs/atom4-latent-filtered-all16-400k/b81485f257299928492ebc38a31e0eccb477fb02/recovery-esmfold-v2/esmfold/step0050000/r0_z2_b0p1_c0/panel_summary.json
filtered,50000,r0_z2_b0p1_c0,constant_k3,cell,64,32,0.6875,0.78125,0.875,83.7031106565066,1.487000220033946,1.0170139181642948,0.8521573881033202,/mnt/lustre/users/kiarash-eitgbi/code/hierarchical-kaveh-runs/atom4-latent-filtered-all16-400k/b81485f257299928492ebc38a31e0eccb477fb02/recovery-esmfold-v2/esmfold/step0050000/r0_z2_b0p1_c0/panel_summary.json
filtered,50000,r0_z2_b0p1_c0,constant_k3,cell,96,32,0.28125,0.28125,0.78125,73.7238863994833,1.9292761310834476,1.3632336458193466,0.8567599271113104,/mnt/lustre/users/kiarash-eitgbi/code/hierarchical-kaveh-runs/atom4-latent-filtered-all16-400k/b81485f257299928492ebc38a31e0eccb477fb02/recovery-esmfold-v2/esmfold/step0050000/r0_z2_b0p1_c0/panel_summary.json
filtered,50000,r0_z2_b0p1_c0,constant_k3,cell,128,32,0.09375,0.09375,0.53125,65.30390748170336,4.205334541328734,1.9626103130085906,0.7471206499297552,/mnt/lustre/users/kiarash-eitgbi/code/hierarchical-kaveh-runs/atom4-latent-filtered-all16-400k/b81485f257299928492ebc38a31e0eccb477fb02/recovery-esmfold-v2/esmfold/step0050000/r0_z2_b0p1_c0/panel_summary.json
filtered,50000,r0_z3_b0p03_c0p5,constant_k3,aggregate,all,96,0.3645833333333333,0.3854166666666667,0.7083333333333334,74.76378796250155,2.050603865498194,1.7204813393042944,0.8297720389749367,/mnt/lustre/users/kiarash-eitgbi/code/hierarchical-kaveh-runs/atom4-latent-filtered-all16-400k/b81485f257299928492ebc38a31e0eccb477fb02/recovery-esmfold-v2/esmfold/step0050000/r0_z3_b0p03_c0p5/panel_summary.json
filtered,50000,r0_z3_b0p03_c0p5,constant_k3,cell,64,32,0.65625,0.65625,0.90625,80.75259223642706,1.7751535438360184,1.0602100582583973,0.8320946855420595,/mnt/lustre/users/kiarash-eitgbi/code/hierarchical-kaveh-runs/atom4-latent-filtered-all16-400k/b81485f257299928492ebc38a31e0eccb477fb02/recovery-esmfold-v2/esmfold/step0050000/r0_z3_b0p03_c0p5/panel_summary.json
filtered,50000,r0_z3_b0p03_c0p5,constant_k3,cell,96,32,0.375,0.40625,0.78125,76.12771385688382,1.677030484747326,1.721134286622509,0.8514538351037739,/mnt/lustre/users/kiarash-eitgbi/code/hierarchical-kaveh-runs/atom4-latent-filtered-all16-400k/b81485f257299928492ebc38a31e0eccb477fb02/recovery-esmfold-v2/esmfold/step0050000/r0_z3_b0p03_c0p5/panel_summary.json
filtered,50000,r0_z3_b0p03_c0p5,constant_k3,cell,128,32,0.0625,0.09375,0.4375,67.41105779419375,2.699627567911239,2.1366397993327366,0.8057675962789765,/mnt/lustre/users/kiarash-eitgbi/code/hierarchical-kaveh-runs/atom4-latent-filtered-all16-400k/b81485f257299928492ebc38a31e0eccb477fb02/recovery-esmfold-v2/esmfold/step0050000/r0_z3_b0p03_c0p5/panel_summary.json
filtered,50000,r0_z3_b0p3_c0p125,constant_k3,aggregate,all,96,0.3125,0.34375,0.6770833333333334,72.63243120864269,1.9739176126385638,1.5730216558038403,0.8324129069630263,/mnt/lustre/users/kiarash-eitgbi/code/hierarchical-kaveh-runs/atom4-latent-filtered-all16-400k/b81485f257299928492ebc38a31e0eccb477fb02/recovery-esmfold-v2/esmfold/step0050000/r0_z3_b0p3_c0p125/panel_summary.json
filtered,50000,r0_z3_b0p3_c0p125,constant_k3,cell,64,32,0.59375,0.59375,0.875,79.67678193493002,1.2985105193275828,1.2876184524251415,0.8529496156381959,/mnt/lustre/users/kiarash-eitgbi/code/hierarchical-kaveh-runs/atom4-latent-filtered-all16-400k/b81485f257299928492ebc38a31e0eccb477fb02/recovery-esmfold-v2/esmfold/step0050000/r0_z3_b0p3_c0p125/panel_summary.json
filtered,50000,r0_z3_b0p3_c0p125,constant_k3,cell,96,32,0.3125,0.34375,0.71875,72.5993831730917,2.152000175011232,1.6477549212777585,0.8219347962890686,/mnt/lustre/users/kiarash-eitgbi/code/hierarchical-kaveh-runs/atom4-latent-filtered-all16-400k/b81485f257299928492ebc38a31e0eccb477fb02/recovery-esmfold-v2/esmfold/step0050000/r0_z3_b0p3_c0p125/panel_summary.json
filtered,50000,r0_z3_b0p3_c0p125,constant_k3,cell,128,32,0.03125,0.09375,0.4375,65.62112851790634,2.4712421435768768,2.107626717824319,0.8223543089618143,/mnt/lustre/users/kiarash-eitgbi/code/hierarchical-kaveh-runs/atom4-latent-filtered-all16-400k/b81485f257299928492ebc38a31e0eccb477fb02/recovery-esmfold-v2/esmfold/step0050000/r0_z3_b0p3_c0p125/panel_summary.json
filtered,50000,r0_z5_b0p03_c0,constant_k3,aggregate,all,96,0.19791666666666666,0.22916666666666666,0.59375,68.84041737163388,2.8756284842772613,1.7987840356151203,0.7682868827090763,/mnt/lustre/users/kiarash-eitgbi/code/hierarchical-kaveh-runs/atom4-latent-filtered-all16-400k/b81485f257299928492ebc38a31e0eccb477fb02/recovery-esmfold-v2/esmfold/step0050000/r0_z5_b0p03_c0/panel_summary.json
filtered,50000,r0_z5_b0p03_c0,constant_k3,cell,64,32,0.40625,0.40625,0.8125,76.10087497787764,2.4498324481010645,1.2687687524683922,0.769791844581881,/mnt/lustre/users/kiarash-eitgbi/code/hierarchical-kaveh-runs/atom4-latent-filtered-all16-400k/b81485f257299928492ebc38a31e0eccb477fb02/recovery-esmfold-v2/esmfold/step0050000/r0_z5_b0p03_c0/panel_summary.json
filtered,50000,r0_z5_b0p03_c0,constant_k3,cell,96,32,0.15625,0.1875,0.625,68.50845437993351,2.1317447097469193,1.8044709728259074,0.8062625370270652,/mnt/lustre/users/kiarash-eitgbi/code/hierarchical-kaveh-runs/atom4-latent-filtered-all16-400k/b81485f257299928492ebc38a31e0eccb477fb02/recovery-esmfold-v2/esmfold/step0050000/r0_z5_b0p03_c0/panel_summary.json
filtered,50000,r0_z5_b0p03_c0,constant_k3,cell,128,32,0.03125,0.09375,0.34375,61.9119227570905,4.0453082949838,2.6397815390363313,0.728806266518283,/mnt/lustre/users/kiarash-eitgbi/code/hierarchical-kaveh-runs/atom4-latent-filtered-all16-400k/b81485f257299928492ebc38a31e0eccb477fb02/recovery-esmfold-v2/esmfold/step0050000/r0_z5_b0p03_c0/panel_summary.json
filtered,50000,r1_z2_b0p3_c0p25,constant_k3,aggregate,all,96,0.4270833333333333,0.4583333333333333,0.8333333333333334,76.89736765249823,1.6895500558151937,1.2945586606801847,0.8665999799858483,/mnt/lustre/users/kiarash-eitgbi/code/hierarchical-kaveh-runs/atom4-latent-filtered-all16-400k/b81485f257299928492ebc38a31e0eccb477fb02/recovery-esmfold-v2/esmfold/step0050000/r1_z2_b0p3_c0p25/panel_summary.json
filtered,50000,r1_z2_b0p3_c0p25,constant_k3,cell,64,32,0.65625,0.65625,0.9375,81.29047022171605,1.2187851097319629,0.9160584289979777,0.8760463057086325,/mnt/lustre/users/kiarash-eitgbi/code/hierarchical-kaveh-runs/atom4-latent-filtered-all16-400k/b81485f257299928492ebc38a31e0eccb477fb02/recovery-esmfold-v2/esmfold/step0050000/r1_z2_b0p3_c0p25/panel_summary.json
filtered,50000,r1_z2_b0p3_c0p25,constant_k3,cell,96,32,0.375,0.375,0.875,75.85710116466595,1.8200862418843404,1.26690749347617,0.8605187996250888,/mnt/lustre/users/kiarash-eitgbi/code/hierarchical-kaveh-runs/atom4-latent-filtered-all16-400k/b81485f257299928492ebc38a31e0eccb477fb02/recovery-esmfold-v2/esmfold/step0050000/r1_z2_b0p3_c0p25/panel_summary.json
filtered,50000,r1_z2_b0p3_c0p25,constant_k3,cell,128,32,0.25,0.34375,0.6875,73.54453157111267,2.0297788158292773,1.6296222609519746,0.8632348346238234,/mnt/lustre/users/kiarash-eitgbi/code/hierarchical-kaveh-runs/atom4-latent-filtered-all16-400k/b81485f257299928492ebc38a31e0eccb477fb02/recovery-esmfold-v2/esmfold/step0050000/r1_z2_b0p3_c0p25/panel_summary.json
filtered,50000,r1_z4_b0p3_c0p5,constant_k3,aggregate,all,96,0.40625,0.4270833333333333,0.7604166666666666,75.12318174709571,1.7929451781174321,1.2341206777126703,0.8598301856293394,/mnt/lustre/users/kiarash-eitgbi/code/hierarchical-kaveh-runs/atom4-latent-filtered-all16-400k/b81485f257299928492ebc38a31e0eccb477fb02/recovery-esmfold-v2/esmfold/step0050000/r1_z4_b0p3_c0p5/panel_summary.json
filtered,50000,r1_z4_b0p3_c0p5,constant_k3,cell,64,32,0.875,0.90625,0.96875,84.49985433661311,0.8684234842938908,0.7693471575870694,0.930759997272432,/mnt/lustre/users/kiarash-eitgbi/code/hierarchical-kaveh-runs/atom4-latent-filtered-all16-400k/b81485f257299928492ebc38a31e0eccb477fb02/recovery-esmfold-v2/esmfold/step0050000/r1_z4_b0p3_c0p5/panel_summary.json
filtered,50000,r1_z4_b0p3_c0p5,constant_k3,cell,96,32,0.21875,0.21875,0.8125,73.46129301418901,1.8978194668127828,1.2966444430291313,0.8484982410309692,/mnt/lustre/users/kiarash-eitgbi/code/hierarchical-kaveh-runs/atom4-latent-filtered-all16-400k/b81485f257299928492ebc38a31e0eccb477fb02/recovery-esmfold-v2/esmfold/step0050000/r1_z4_b0p3_c0p5/panel_summary.json
filtered,50000,r1_z4_b0p3_c0p5,constant_k3,cell,128,32,0.125,0.15625,0.5,67.40839789048503,2.6125925832456227,2.0437029153927204,0.8002323185846169,/mnt/lustre/users/kiarash-eitgbi/code/hierarchical-kaveh-runs/atom4-latent-filtered-all16-400k/b81485f257299928492ebc38a31e0eccb477fb02/recovery-esmfold-v2/esmfold/step0050000/r1_z4_b0p3_c0p5/panel_summary.json
filtered,50000,r2_z2_b0p1_c0p125,constant_k3,aggregate,all,96,0.40625,0.4270833333333333,0.75,75.36685354405643,2.0263479331302054,1.4065132935922138,0.8440823620774136,/mnt/lustre/users/kiarash-eitgbi/code/hierarchical-kaveh-runs/atom4-latent-filtered-all16-400k/b81485f257299928492ebc38a31e0eccb477fb02/recovery-esmfold-v2/esmfold/step0050000/r2_z2_b0p1_c0p125/panel_summary.json
filtered,50000,r2_z2_b0p1_c0p125,constant_k3,cell,64,32,0.84375,0.84375,0.96875,83.02053753004996,1.0443844253871657,1.0071967530129826,0.8990275589976542,/mnt/lustre/users/kiarash-eitgbi/code/hierarchical-kaveh-runs/atom4-latent-filtered-all16-400k/b81485f257299928492ebc38a31e0eccb477fb02/recovery-esmfold-v2/esmfold/step0050000/r2_z2_b0p1_c0p125/panel_summary.json
filtered,50000,r2_z2_b0p1_c0p125,constant_k3,cell,96,32,0.1875,0.25,0.71875,73.7383946004027,2.296770225397636,1.4525987382163457,0.8217188786832228,/mnt/lustre/users/kiarash-eitgbi/code/hierarchical-kaveh-runs/atom4-latent-filtered-all16-400k/b81485f257299928492ebc38a31e0eccb477fb02/recovery-esmfold-v2/esmfold/step0050000/r2_z2_b0p1_c0p125/panel_summary.json
filtered,50000,r2_z2_b0p1_c0p125,constant_k3,cell,128,32,0.1875,0.1875,0.5625,69.34162850171657,2.737889148605815,1.9827701058618104,0.8115006485513644,/mnt/lustre/users/kiarash-eitgbi/code/hierarchical-kaveh-runs/atom4-latent-filtered-all16-400k/b81485f257299928492ebc38a31e0eccb477fb02/recovery-esmfold-v2/esmfold/step0050000/r2_z2_b0p1_c0p125/panel_summary.json
filtered,50000,r2_z4_b0p03_c0p25,constant_k3,aggregate,all,96,0.3229166666666667,0.375,0.6875,74.60274150021066,2.1873226737750113,1.5334950656999102,0.8214619187945594,/mnt/lustre/users/kiarash-eitgbi/code/hierarchical-kaveh-runs/atom4-latent-filtered-all16-400k/b81485f257299928492ebc38a31e0eccb477fb02/recovery-esmfold-v2/esmfold/step0050000/r2_z4_b0p03_c0p25/panel_summary.json
filtered,50000,r2_z4_b0p03_c0p25,constant_k3,cell,64,32,0.625,0.625,0.8125,80.45514880448448,1.7311890363450313,1.0728538099545002,0.8216305189173545,/mnt/lustre/users/kiarash-eitgbi/code/hierarchical-kaveh-runs/atom4-latent-filtered-all16-400k/b81485f257299928492ebc38a31e0eccb477fb02/recovery-esmfold-v2/esmfold/step0050000/r2_z4_b0p03_c0p25/panel_summary.json
filtered,50000,r2_z4_b0p03_c0p25,constant_k3,cell,96,32,0.28125,0.375,0.6875,72.89515403769083,2.3208815041403037,1.7035234660408674,0.8100822869046864,/mnt/lustre/users/kiarash-eitgbi/code/hierarchical-kaveh-runs/atom4-latent-filtered-all16-400k/b81485f257299928492ebc38a31e0eccb477fb02/recovery-esmfold-v2/esmfold/step0050000/r2_z4_b0p03_c0p25/panel_summary.json
filtered,50000,r2_z4_b0p03_c0p25,constant_k3,cell,128,32,0.0625,0.125,0.5625,70.45792165845664,2.5098974808396983,1.6851425069769324,0.8326729505616378,/mnt/lustre/users/kiarash-eitgbi/code/hierarchical-kaveh-runs/atom4-latent-filtered-all16-400k/b81485f257299928492ebc38a31e0eccb477fb02/recovery-esmfold-v2/esmfold/step0050000/r2_z4_b0p03_c0p25/panel_summary.json
filtered,100000,r0_large_z4_b0p01_c0p25,constant_k3,aggregate,all,96,0.3854166666666667,0.3854166666666667,0.71875,76.27469496698633,2.229558303643406,1.247039973240414,0.8395117691152872,/mnt/lustre/users/kiarash-eitgbi/code/hierarchical-kaveh-runs/atom4-latent-filtered-all16-400k/b81485f257299928492ebc38a31e0eccb477fb02/recovery-esmfold-v2/esmfold/step0100000/r0_large_z4_b0p01_c0p25/panel_summary.json
filtered,100000,r0_large_z4_b0p01_c0p25,constant_k3,cell,64,32,0.78125,0.78125,0.9375,83.27573216610509,1.4000897957403158,0.8252249904519571,0.8814131222627266,/mnt/lustre/users/kiarash-eitgbi/code/hierarchical-kaveh-runs/atom4-latent-filtered-all16-400k/b81485f257299928492ebc38a31e0eccb477fb02/recovery-esmfold-v2/esmfold/step0100000/r0_large_z4_b0p01_c0p25/panel_summary.json
filtered,100000,r0_large_z4_b0p01_c0p25,constant_k3,cell,96,32,0.25,0.25,0.6875,75.34425751761671,2.485792725830784,1.3617484834125824,0.826113135211944,/mnt/lustre/users/kiarash-eitgbi/code/hierarchical-kaveh-runs/atom4-latent-filtered-all16-400k/b81485f257299928492ebc38a31e0eccb477fb02/recovery-esmfold-v2/esmfold/step0100000/r0_large_z4_b0p01_c0p25/panel_summary.json
filtered,100000,r0_large_z4_b0p01_c0p25,constant_k3,cell,128,32,0.125,0.125,0.53125,70.20409521723721,2.8027923893591185,1.9484400717817598,0.8110090498711913,/mnt/lustre/users/kiarash-eitgbi/code/hierarchical-kaveh-runs/atom4-latent-filtered-all16-400k/b81485f257299928492ebc38a31e0eccb477fb02/recovery-esmfold-v2/esmfold/step0100000/r0_large_z4_b0p01_c0p25/panel_summary.json
filtered,100000,r0_large_z8_b0p01_c0p125,constant_k3,aggregate,all,96,0.2708333333333333,0.2916666666666667,0.7708333333333334,72.0071512073276,2.0831041203391174,1.47319797907783,0.8518885542419722,/mnt/lustre/users/kiarash-eitgbi/code/hierarchical-kaveh-runs/atom4-latent-filtered-all16-400k/b81485f257299928492ebc38a31e0eccb477fb02/recovery-esmfold-v2/esmfold/step0100000/r0_large_z8_b0p01_c0p125/panel_summary.json
filtered,100000,r0_large_z8_b0p01_c0p125,constant_k3,cell,64,32,0.5,0.5,0.96875,78.469266988522,1.3035271859299857,0.893805817439502,0.8787890327566561,/mnt/lustre/users/kiarash-eitgbi/code/hierarchical-kaveh-runs/atom4-latent-filtered-all16-400k/b81485f257299928492ebc38a31e0eccb477fb02/recovery-esmfold-v2/esmfold/step0100000/r0_large_z8_b0p01_c0p125/panel_summary.json
filtered,100000,r0_large_z8_b0p01_c0p125,constant_k3,cell,96,32,0.15625,0.15625,0.71875,68.45936219211013,2.358947365842584,1.5901826278119162,0.8258199871198864,/mnt/lustre/users/kiarash-eitgbi/code/hierarchical-kaveh-runs/atom4-latent-filtered-all16-400k/b81485f257299928492ebc38a31e0eccb477fb02/recovery-esmfold-v2/esmfold/step0100000/r0_large_z8_b0p01_c0p125/panel_summary.json
filtered,100000,r0_large_z8_b0p01_c0p125,constant_k3,cell,128,32,0.15625,0.21875,0.625,69.09282444135069,2.5868378092447823,1.8963336569029043,0.8510566428493741,/mnt/lustre/users/kiarash-eitgbi/code/hierarchical-kaveh-runs/atom4-latent-filtered-all16-400k/b81485f257299928492ebc38a31e0eccb477fb02/recovery-esmfold-v2/esmfold/step0100000/r0_large_z8_b0p01_c0p125/panel_summary.json
filtered,100000,r0_z2_b0p1_c0,constant_k3,aggregate,all,96,0.3333333333333333,0.3541666666666667,0.7604166666666666,75.57710377260834,3.186190201968649,1.2320835075797378,0.8248792249996839,/mnt/lustre/users/kiarash-eitgbi/code/hierarchical-kaveh-runs/atom4-latent-filtered-all16-400k/b81485f257299928492ebc38a31e0eccb477fb02/recovery-esmfold-v2/esmfold/step0100000/r0_z2_b0p1_c0/panel_summary.json
filtered,100000,r0_z2_b0p1_c0,constant_k3,cell,64,32,0.625,0.625,0.90625,80.03765596532756,1.0790031454910993,0.9181637156336718,0.8865229901771192,/mnt/lustre/users/kiarash-eitgbi/code/hierarchical-kaveh-runs/atom4-latent-filtered-all16-400k/b81485f257299928492ebc38a31e0eccb477fb02/recovery-esmfold-v2/esmfold/step0100000/r0_z2_b0p1_c0/panel_summary.json
filtered,100000,r0_z2_b0p1_c0,constant_k3,cell,96,32,0.125,0.125,0.71875,72.85098047461167,3.12332207546248,1.2904640735350372,0.805533053146037,/mnt/lustre/users/kiarash-eitgbi/code/hierarchical-kaveh-runs/atom4-latent-filtered-all16-400k/b81485f257299928492ebc38a31e0eccb477fb02/recovery-esmfold-v2/esmfold/step0100000/r0_z2_b0p1_c0/panel_summary.json
filtered,100000,r0_z2_b0p1_c0,constant_k3,cell,128,32,0.25,0.3125,0.65625,73.84267487788577,5.356245384952367,1.577922292274002,0.7825816316758951,/mnt/lustre/users/kiarash-eitgbi/code/hierarchical-kaveh-runs/atom4-latent-filtered-all16-400k/b81485f257299928492ebc38a31e0eccb477fb02/recovery-esmfold-v2/esmfold/step0100000/r0_z2_b0p1_c0/panel_summary.json
filtered,100000,r0_z3_b0p03_c0p5,constant_k3,aggregate,all,96,0.375,0.3958333333333333,0.8229166666666666,75.56089629926812,1.8563391545977155,1.2450043791578422,0.8556595625804314,/mnt/lustre/users/kiarash-eitgbi/code/hierarchical-kaveh-runs/atom4-latent-filtered-all16-400k/b81485f257299928492ebc38a31e0eccb477fb02/recovery-esmfold-v2/esmfold/step0100000/r0_z3_b0p03_c0p5/panel_summary.json
filtered,100000,r0_z3_b0p03_c0p5,constant_k3,cell,64,32,0.65625,0.6875,0.90625,79.80918157723221,1.343048964935512,1.1270052031145998,0.845125117306637,/mnt/lustre/users/kiarash-eitgbi/code/hierarchical-kaveh-runs/atom4-latent-filtered-all16-400k/b81485f257299928492ebc38a31e0eccb477fb02/recovery-esmfold-v2/esmfold/step0100000/r0_z3_b0p03_c0p5/panel_summary.json
filtered,100000,r0_z3_b0p03_c0p5,constant_k3,cell,96,32,0.375,0.375,0.875,76.37597719255346,1.421899455354034,1.1033766262899511,0.8916183062293395,/mnt/lustre/users/kiarash-eitgbi/code/hierarchical-kaveh-runs/atom4-latent-filtered-all16-400k/b81485f257299928492ebc38a31e0eccb477fb02/recovery-esmfold-v2/esmfold/step0100000/r0_z3_b0p03_c0p5/panel_summary.json
filtered,100000,r0_z3_b0p03_c0p5,constant_k3,cell,128,32,0.09375,0.125,0.6875,70.49753012801871,2.804069043503601,1.5943295505542872,0.8302352642053176,/mnt/lustre/users/kiarash-eitgbi/code/hierarchical-kaveh-runs/atom4-latent-filtered-all16-400k/b81485f257299928492ebc38a31e0eccb477fb02/recovery-esmfold-v2/esmfold/step0100000/r0_z3_b0p03_c0p5/panel_summary.json
filtered,100000,r0_z3_b0p3_c0p125,constant_k3,aggregate,all,96,0.3020833333333333,0.3333333333333333,0.625,72.70443262459376,2.6089104921065194,1.6611582678423882,0.7953447522931439,/mnt/lustre/users/kiarash-eitgbi/code/hierarchical-kaveh-runs/atom4-latent-filtered-all16-400k/b81485f257299928492ebc38a31e0eccb477fb02/recovery-esmfold-v2/esmfold/step0100000/r0_z3_b0p3_c0p125/panel_summary.json
filtered,100000,r0_z3_b0p3_c0p125,constant_k3,cell,64,32,0.53125,0.59375,0.6875,78.52542850740275,2.406516990842761,1.2914318905993696,0.7729312663857081,/mnt/lustre/users/kiarash-eitgbi/code/hierarchical-kaveh-runs/atom4-latent-filtered-all16-400k/b81485f257299928492ebc38a31e0eccb477fb02/recovery-esmfold-v2/esmfold/step0100000/r0_z3_b0p3_c0p125/panel_summary.json
filtered,100000,r0_z3_b0p3_c0p125,constant_k3,cell,96,32,0.28125,0.28125,0.6875,72.88152213365383,2.036512546433753,1.6414582946732406,0.8355571496868939,/mnt/lustre/users/kiarash-eitgbi/code/hierarchical-kaveh-runs/atom4-latent-filtered-all16-400k/b81485f257299928492ebc38a31e0eccb477fb02/recovery-esmfold-v2/esmfold/step0100000/r0_z3_b0p3_c0p125/panel_summary.json
filtered,100000,r0_z3_b0p3_c0p125,constant_k3,cell,128,32,0.09375,0.125,0.5,66.70634723272464,3.383701939043044,1.9695679254798737,0.7775458408068299,/mnt/lustre/users/kiarash-eitgbi/code/hierarchical-kaveh-runs/atom4-latent-filtered-all16-400k/b81485f257299928492ebc38a31e0eccb477fb02/recovery-esmfold-v2/esmfold/step0100000/r0_z3_b0p3_c0p125/panel_summary.json
filtered,100000,r0_z5_b0p03_c0,constant_k3,aggregate,all,96,0.4270833333333333,0.46875,0.7604166666666666,76.81929668254132,1.7681207566676322,1.2834427472957382,0.8708136518785423,/mnt/lustre/users/kiarash-eitgbi/code/hierarchical-kaveh-runs/atom4-latent-filtered-all16-400k/b81485f257299928492ebc38a31e0eccb477fb02/recovery-esmfold-v2/esmfold/step0100000/r0_z5_b0p03_c0/panel_summary.json
filtered,100000,r0_z5_b0p03_c0,constant_k3,cell,64,32,0.75,0.8125,0.875,83.63311669308382,1.2826818819541588,0.8898031961542495,0.8906601447179109,/mnt/lustre/users/kiarash-eitgbi/code/hierarchical-kaveh-runs/atom4-latent-filtered-all16-400k/b81485f257299928492ebc38a31e0eccb477fb02/recovery-esmfold-v2/esmfold/step0100000/r0_z5_b0p03_c0/panel_summary.json
filtered,100000,r0_z5_b0p03_c0,constant_k3,cell,96,32,0.25,0.25,0.8125,74.16739884183852,1.8037481504281057,1.283880010688757,0.8645559614364827,/mnt/lustre/users/kiarash-eitgbi/code/hierarchical-kaveh-runs/atom4-latent-filtered-all16-400k/b81485f257299928492ebc38a31e0eccb477fb02/recovery-esmfold-v2/esmfold/step0100000/r0_z5_b0p03_c0/panel_summary.json
filtered,100000,r0_z5_b0p03_c0,constant_k3,cell,128,32,0.28125,0.34375,0.59375,72.6573745127016,2.217932237620633,1.695104696235818,0.8572248494812332,/mnt/lustre/users/kiarash-eitgbi/code/hierarchical-kaveh-runs/atom4-latent-filtered-all16-400k/b81485f257299928492ebc38a31e0eccb477fb02/recovery-esmfold-v2/esmfold/step0100000/r0_z5_b0p03_c0/panel_summary.json
filtered,100000,r1_large_z8_b0p01_c0p25,constant_k3,aggregate,all,96,0.28125,0.3125,0.6458333333333334,72.40342245846925,2.074248338993704,1.484123537570815,0.8359248452288167,/mnt/lustre/users/kiarash-eitgbi/code/hierarchical-kaveh-runs/atom4-latent-filtered-all16-400k/b81485f257299928492ebc38a31e0eccb477fb02/recovery-esmfold-v2/esmfold/step0100000/r1_large_z8_b0p01_c0p25/panel_summary.json
filtered,100000,r1_large_z8_b0p01_c0p25,constant_k3,cell,64,32,0.59375,0.625,0.90625,80.7755094152038,1.0424846616633463,0.8203332730652415,0.8868236678417525,/mnt/lustre/users/kiarash-eitgbi/code/hierarchical-kaveh-runs/atom4-latent-filtered-all16-400k/b81485f257299928492ebc38a31e0eccb477fb02/recovery-esmfold-v2/esmfold/step0100000/r1_large_z8_b0p01_c0p25/panel_summary.json
filtered,100000,r1_large_z8_b0p01_c0p25,constant_k3,cell,96,32,0.125,0.125,0.625,68.23789328372055,2.3956427218537817,1.7286693310072425,0.8213216837955657,/mnt/lustre/users/kiarash-eitgbi/code/hierarchical-kaveh-runs/atom4-latent-filtered-all16-400k/b81485f257299928492ebc38a31e0eccb477fb02/recovery-esmfold-v2/esmfold/step0100000/r1_large_z8_b0p01_c0p25/panel_summary.json
filtered,100000,r1_large_z8_b0p01_c0p25,constant_k3,cell,128,32,0.125,0.1875,0.40625,68.19686467648344,2.784617633463985,2.216894710641472,0.7996291840491321,/mnt/lustre/users/kiarash-eitgbi/code/hierarchical-kaveh-runs/atom4-latent-filtered-all16-400k/b81485f257299928492ebc38a31e0eccb477fb02/recovery-esmfold-v2/esmfold/step0100000/r1_large_z8_b0p01_c0p25/panel_summary.json
filtered,100000,r1_z2_b0p3_c0p25,constant_k3,aggregate,all,96,0.3854166666666667,0.3958333333333333,0.8020833333333334,74.04851337277728,2.510125671296233,1.3355546142196848,0.8253828453959241,/mnt/lustre/users/kiarash-eitgbi/code/hierarchical-kaveh-runs/atom4-latent-filtered-all16-400k/b81485f257299928492ebc38a31e0eccb477fb02/recovery-esmfold-v2/esmfold/step0100000/r1_z2_b0p3_c0p25/panel_summary.json
filtered,100000,r1_z2_b0p3_c0p25,constant_k3,cell,64,32,0.75,0.75,1.0,82.42008615803408,0.9772298310014794,0.9493359679836874,0.9158067381300019,/mnt/lustre/users/kiarash-eitgbi/code/hierarchical-kaveh-runs/atom4-latent-filtered-all16-400k/b81485f257299928492ebc38a31e0eccb477fb02/recovery-esmfold-v2/esmfold/step0100000/r1_z2_b0p3_c0p25/panel_summary.json
filtered,100000,r1_z2_b0p3_c0p25,constant_k3,cell,96,32,0.25,0.28125,0.8125,73.42967456584103,1.8879161079725388,1.458827098975962,0.8411462805613428,/mnt/lustre/users/kiarash-eitgbi/code/hierarchical-kaveh-runs/atom4-latent-filtered-all16-400k/b81485f257299928492ebc38a31e0eccb477fb02/recovery-esmfold-v2/esmfold/step0100000/r1_z2_b0p3_c0p25/panel_summary.json
filtered,100000,r1_z2_b0p3_c0p25,constant_k3,cell,128,32,0.15625,0.15625,0.59375,66.29577939445673,4.665231074914681,1.7871376290176075,0.7191955174964277,/mnt/lustre/users/kiarash-eitgbi/code/hierarchical-kaveh-runs/atom4-latent-filtered-all16-400k/b81485f257299928492ebc38a31e0eccb477fb02/recovery-esmfold-v2/esmfold/step0100000/r1_z2_b0p3_c0p25/panel_summary.json
filtered,100000,r1_z3_b0p01_c0p125,constant_k3,aggregate,all,96,0.4270833333333333,0.4583333333333333,0.78125,77.34549273151013,1.989626774595088,1.4107296857778029,0.8630981829401173,/mnt/lustre/users/kiarash-eitgbi/code/hierarchical-kaveh-runs/atom4-latent-filtered-all16-400k/b81485f257299928492ebc38a31e0eccb477fb02/recovery-esmfold-v2/esmfold/step0100000/r1_z3_b0p01_c0p125/panel_summary.json
filtered,100000,r1_z3_b0p01_c0p125,constant_k3,cell,64,32,0.90625,0.9375,0.9375,85.89982489879182,0.7759466461545186,0.6806123064332001,0.9319420225432802,/mnt/lustre/users/kiarash-eitgbi/code/hierarchical-kaveh-runs/atom4-latent-filtered-all16-400k/b81485f257299928492ebc38a31e0eccb477fb02/recovery-esmfold-v2/esmfold/step0100000/r1_z3_b0p01_c0p125/panel_summary.json
filtered,100000,r1_z3_b0p01_c0p125,constant_k3,cell,96,32,0.1875,0.25,0.78125,74.28028459003121,2.0061476465889188,1.5438624978600102,0.8496495755924838,/mnt/lustre/users/kiarash-eitgbi/code/hierarchical-kaveh-runs/atom4-latent-filtered-all16-400k/b81485f257299928492ebc38a31e0eccb477fb02/recovery-esmfold-v2/esmfold/step0100000/r1_z3_b0p01_c0p125/panel_summary.json
filtered,100000,r1_z3_b0p01_c0p125,constant_k3,cell,128,32,0.1875,0.1875,0.625,71.8563687057074,3.186786031041826,1.6557231812118818,0.8077029506845882,/mnt/lustre/users/kiarash-eitgbi/code/hierarchical-kaveh-runs/atom4-latent-filtered-all16-400k/b81485f257299928492ebc38a31e0eccb477fb02/recovery-esmfold-v2/esmfold/step0100000/r1_z3_b0p01_c0p125/panel_summary.json
filtered,100000,r1_z4_b0p3_c0p5,constant_k3,aggregate,all,96,0.40625,0.40625,0.7916666666666666,74.16367764956097,2.2280100695488816,1.148555484523994,0.8531622066715422,/mnt/lustre/users/kiarash-eitgbi/code/hierarchical-kaveh-runs/atom4-latent-filtered-all16-400k/b81485f257299928492ebc38a31e0eccb477fb02/recovery-esmfold-v2/esmfold/step0100000/r1_z4_b0p3_c0p5/panel_summary.json
filtered,100000,r1_z4_b0p3_c0p5,constant_k3,cell,64,32,0.875,0.875,1.0,84.06479277021745,0.751711116379603,0.6530218317357495,0.9361754077631694,/mnt/lustre/users/kiarash-eitgbi/code/hierarchical-kaveh-runs/atom4-latent-filtered-all16-400k/b81485f257299928492ebc38a31e0eccb477fb02/recovery-esmfold-v2/esmfold/step0100000/r1_z4_b0p3_c0p5/panel_summary.json
filtered,100000,r1_z4_b0p3_c0p5,constant_k3,cell,96,32,0.25,0.25,0.78125,73.77641202861464,1.4720976763132887,1.1705920059662351,0.8911539942551854,/mnt/lustre/users/kiarash-eitgbi/code/hierarchical-kaveh-runs/atom4-latent-filtered-all16-400k/b81485f257299928492ebc38a31e0eccb477fb02/recovery-esmfold-v2/esmfold/step0100000/r1_z4_b0p3_c0p5/panel_summary.json
filtered,100000,r1_z4_b0p3_c0p5,constant_k3,cell,128,32,0.09375,0.09375,0.59375,64.64982814985079,4.460221415953753,1.8329377997667,0.7321572179962719,/mnt/lustre/users/kiarash-eitgbi/code/hierarchical-kaveh-runs/atom4-latent-filtered-all16-400k/b81485f257299928492ebc38a31e0eccb477fb02/recovery-esmfold-v2/esmfold/step0100000/r1_z4_b0p3_c0p5/panel_summary.json
filtered,100000,r2_z2_b0p1_c0p125,constant_k3,aggregate,all,96,0.3645833333333333,0.4166666666666667,0.7291666666666666,75.41364339680064,1.9962483256034638,1.311078258436056,0.8474384892973587,/mnt/lustre/users/kiarash-eitgbi/code/hierarchical-kaveh-runs/atom4-latent-filtered-all16-400k/b81485f257299928492ebc38a31e0eccb477fb02/recovery-esmfold-v2/esmfold/step0100000/r2_z2_b0p1_c0p125/panel_summary.json
filtered,100000,r2_z2_b0p1_c0p125,constant_k3,cell,64,32,0.5625,0.6875,0.71875,80.94158705791239,1.581799598397535,1.0720195850208198,0.8462244252665703,/mnt/lustre/users/kiarash-eitgbi/code/hierarchical-kaveh-runs/atom4-latent-filtered-all16-400k/b81485f257299928492ebc38a31e0eccb477fb02/recovery-esmfold-v2/esmfold/step0100000/r2_z2_b0p1_c0p125/panel_summary.json
filtered,100000,r2_z2_b0p1_c0p125,constant_k3,cell,96,32,0.25,0.28125,0.9375,75.12556193482001,1.4889327548644111,1.2614558202102315,0.887199042869033,/mnt/lustre/users/kiarash-eitgbi/code/hierarchical-kaveh-runs/atom4-latent-filtered-all16-400k/b81485f257299928492ebc38a31e0eccb477fb02/recovery-esmfold-v2/esmfold/step0100000/r2_z2_b0p1_c0p125/panel_summary.json
filtered,100000,r2_z2_b0p1_c0p125,constant_k3,cell,128,32,0.28125,0.28125,0.53125,70.17378119766951,2.9180126235484445,1.6162183661883467,0.8088919997564729,/mnt/lustre/users/kiarash-eitgbi/code/hierarchical-kaveh-runs/atom4-latent-filtered-all16-400k/b81485f257299928492ebc38a31e0eccb477fb02/recovery-esmfold-v2/esmfold/step0100000/r2_z2_b0p1_c0p125/panel_summary.json
filtered,100000,r2_z4_b0p03_c0p25,constant_k3,aggregate,all,96,0.3854166666666667,0.4270833333333333,0.7708333333333334,76.65494574100579,2.0256127626647142,1.2913727091160323,0.8509084560089022,/mnt/lustre/users/kiarash-eitgbi/code/hierarchical-kaveh-runs/atom4-latent-filtered-all16-400k/b81485f257299928492ebc38a31e0eccb477fb02/recovery-esmfold-v2/esmfold/step0100000/r2_z4_b0p03_c0p25/panel_summary.json
filtered,100000,r2_z4_b0p03_c0p25,constant_k3,cell,64,32,0.71875,0.8125,0.84375,82.03747611598732,1.2597022284047972,1.0263935349208297,0.8849454335158106,/mnt/lustre/users/kiarash-eitgbi/code/hierarchical-kaveh-runs/atom4-latent-filtered-all16-400k/b81485f257299928492ebc38a31e0eccb477fb02/recovery-esmfold-v2/esmfold/step0100000/r2_z4_b0p03_c0p25/panel_summary.json
filtered,100000,r2_z4_b0p03_c0p25,constant_k3,cell,96,32,0.1875,0.1875,0.8125,75.19951366462605,1.5738680002552923,1.1803274012554763,0.8754486801110515,/mnt/lustre/users/kiarash-eitgbi/code/hierarchical-kaveh-runs/atom4-latent-filtered-all16-400k/b81485f257299928492ebc38a31e0eccb477fb02/recovery-esmfold-v2/esmfold/step0100000/r2_z4_b0p03_c0p25/panel_summary.json
filtered,100000,r2_z4_b0p03_c0p25,constant_k3,cell,128,32,0.25,0.28125,0.65625,72.72784744240398,3.2432680593340537,1.500211735258128,0.792331254399845,/mnt/lustre/users/kiarash-eitgbi/code/hierarchical-kaveh-runs/atom4-latent-filtered-all16-400k/b81485f257299928492ebc38a31e0eccb477fb02/recovery-esmfold-v2/esmfold/step0100000/r2_z4_b0p03_c0p25/panel_summary.json
filtered,150000,r0_large_z8_b0p01_c0p125,constant_k3,aggregate,all,96,0.34375,0.34375,0.6458333333333334,71.53915051032978,2.0998953932525706,1.454900543981193,0.8386813186198552,/mnt/lustre/users/kiarash-eitgbi/code/hierarchical-kaveh-runs/atom4-latent-filtered-all16-400k/b81485f257299928492ebc38a31e0eccb477fb02/recovery-esmfold-v2/esmfold/step0150000/r0_large_z8_b0p01_c0p125/panel_summary.json
filtered,150000,r0_large_z8_b0p01_c0p125,constant_k3,cell,64,32,0.75,0.75,1.0,81.57651138663697,0.8222645071359509,0.7289061565265782,0.9279234762078739,/mnt/lustre/users/kiarash-eitgbi/code/hierarchical-kaveh-runs/atom4-latent-filtered-all16-400k/b81485f257299928492ebc38a31e0eccb477fb02/recovery-esmfold-v2/esmfold/step0150000/r0_large_z8_b0p01_c0p125/panel_summary.json
filtered,150000,r0_large_z8_b0p01_c0p125,constant_k3,cell,96,32,0.21875,0.21875,0.5,68.72119638131275,2.1834327487665117,2.0004281967309625,0.8016811883040071,/mnt/lustre/users/kiarash-eitgbi/code/hierarchical-kaveh-runs/atom4-latent-filtered-all16-400k/b81485f257299928492ebc38a31e0eccb477fb02/recovery-esmfold-v2/esmfold/step0150000/r0_large_z8_b0p01_c0p125/panel_summary.json
filtered,150000,r0_large_z8_b0p01_c0p125,constant_k3,cell,128,32,0.0625,0.0625,0.4375,64.31974376303964,3.2939889238552498,2.082042325496893,0.7864392913476846,/mnt/lustre/users/kiarash-eitgbi/code/hierarchical-kaveh-runs/atom4-latent-filtered-all16-400k/b81485f257299928492ebc38a31e0eccb477fb02/recovery-esmfold-v2/esmfold/step0150000/r0_large_z8_b0p01_c0p125/panel_summary.json
filtered,150000,r0_z2_b0p1_c0,constant_k3,aggregate,all,96,0.40625,0.4375,0.6979166666666666,74.67509183044415,2.4175452717152504,1.3505038306530288,0.8346429826665553,/mnt/lustre/users/kiarash-eitgbi/code/hierarchical-kaveh-runs/atom4-latent-filtered-all16-400k/b81485f257299928492ebc38a31e0eccb477fb02/recovery-esmfold-v2/esmfold/step0150000/r0_z2_b0p1_c0/panel_summary.json
filtered,150000,r0_z2_b0p1_c0,constant_k3,cell,64,32,0.9375,0.96875,0.9375,84.92283092116924,1.0582252159213605,0.6691276159312136,0.9114607357786222,/mnt/lustre/users/kiarash-eitgbi/code/hierarchical-kaveh-runs/atom4-latent-filtered-all16-400k/b81485f257299928492ebc38a31e0eccb477fb02/recovery-esmfold-v2/esmfold/step0150000/r0_z2_b0p1_c0/panel_summary.json
filtered,150000,r0_z2_b0p1_c0,constant_k3,cell,96,32,0.1875,0.25,0.625,72.6877861490682,2.341439008696307,1.7088164138875719,0.821680311112472,/mnt/lustre/users/kiarash-eitgbi/code/hierarchical-kaveh-runs/atom4-latent-filtered-all16-400k/b81485f257299928492ebc38a31e0eccb477fb02/recovery-esmfold-v2/esmfold/step0150000/r0_z2_b0p1_c0/panel_summary.json
filtered,150000,r0_z2_b0p1_c0,constant_k3,cell,128,32,0.09375,0.09375,0.53125,66.41465842109497,3.8529715905280844,1.8120832965685594,0.7707879011085715,/mnt/lustre/users/kiarash-eitgbi/code/hierarchical-kaveh-runs/atom4-latent-filtered-all16-400k/b81485f257299928492ebc38a31e0eccb477fb02/recovery-esmfold-v2/esmfold/step0150000/r0_z2_b0p1_c0/panel_summary.json
filtered,150000,r0_z3_b0p03_c0p5,constant_k3,aggregate,all,96,0.2708333333333333,0.2916666666666667,0.5416666666666666,70.77559394670227,2.7980787764942563,1.9073255003754412,0.7779090065363569,/mnt/lustre/users/kiarash-eitgbi/code/hierarchical-kaveh-runs/atom4-latent-filtered-all16-400k/b81485f257299928492ebc38a31e0eccb477fb02/recovery-esmfold-v2/esmfold/step0150000/r0_z3_b0p03_c0p5/panel_summary.json
filtered,150000,r0_z3_b0p03_c0p5,constant_k3,cell,64,32,0.5625,0.625,0.75,77.32064373930854,2.4420077729359466,0.9807512949865331,0.786358552844797,/mnt/lustre/users/kiarash-eitgbi/code/hierarchical-kaveh-runs/atom4-latent-filtered-all16-400k/b81485f257299928492ebc38a31e0eccb477fb02/recovery-esmfold-v2/esmfold/step0150000/r0_z3_b0p03_c0p5/panel_summary.json
filtered,150000,r0_z3_b0p03_c0p5,constant_k3,cell,96,32,0.09375,0.09375,0.46875,66.80338644836972,2.7112974103781333,2.1797301958052806,0.7694844776327798,/mnt/lustre/users/kiarash-eitgbi/code/hierarchical-kaveh-runs/atom4-latent-filtered-all16-400k/b81485f257299928492ebc38a31e0eccb477fb02/recovery-esmfold-v2/esmfold/step0150000/r0_z3_b0p03_c0p5/panel_summary.json
filtered,150000,r0_z3_b0p03_c0p5,constant_k3,cell,128,32,0.15625,0.15625,0.40625,68.20275165242853,3.24093114616869,2.2948847642897157,0.7778839891314937,/mnt/lustre/users/kiarash-eitgbi/code/hierarchical-kaveh-runs/atom4-latent-filtered-all16-400k/b81485f257299928492ebc38a31e0eccb477fb02/recovery-esmfold-v2/esmfold/step0150000/r0_z3_b0p03_c0p5/panel_summary.json
filtered,150000,r0_z3_b0p3_c0p125,constant_k3,aggregate,all,96,0.2916666666666667,0.3020833333333333,0.5104166666666666,66.83442365255702,3.3837530141122776,1.9966400683206085,0.7597956432666768,/mnt/lustre/users/kiarash-eitgbi/code/hierarchical-kaveh-runs/atom4-latent-filtered-all16-400k/b81485f257299928492ebc38a31e0eccb477fb02/recovery-esmfold-v2/esmfold/step0150000/r0_z3_b0p3_c0p125/panel_summary.json
filtered,150000,r0_z3_b0p3_c0p125,constant_k3,cell,64,32,0.71875,0.71875,0.875,79.09557021666475,1.5028773943947464,0.754696864413897,0.8611393376338846,/mnt/lustre/users/kiarash-eitgbi/code/hierarchical-kaveh-runs/atom4-latent-filtered-all16-400k/b81485f257299928492ebc38a31e0eccb477fb02/recovery-esmfold-v2/esmfold/step0150000/r0_z3_b0p3_c0p125/panel_summary.json
filtered,150000,r0_z3_b0p3_c0p125,constant_k3,cell,96,32,0.0625,0.09375,0.34375,62.558720894042764,3.795601139129161,2.306376854613267,0.7179854111653334,/mnt/lustre/users/kiarash-eitgbi/code/hierarchical-kaveh-runs/atom4-latent-filtered-all16-400k/b81485f257299928492ebc38a31e0eccb477fb02/recovery-esmfold-v2/esmfold/step0150000/r0_z3_b0p3_c0p125/panel_summary.json
filtered,150000,r0_z3_b0p3_c0p125,constant_k3,cell,128,32,0.09375,0.09375,0.3125,58.84897984696352,4.852780508812925,2.461375520375885,0.7002621810008127,/mnt/lustre/users/kiarash-eitgbi/code/hierarchical-kaveh-runs/atom4-latent-filtered-all16-400k/b81485f257299928492ebc38a31e0eccb477fb02/recovery-esmfold-v2/esmfold/step0150000/r0_z3_b0p3_c0p125/panel_summary.json
filtered,150000,r0_z5_b0p03_c0,constant_k3,aggregate,all,96,0.3229166666666667,0.3229166666666667,0.7291666666666666,73.05600137109198,2.1187451024232864,1.3651904535818804,0.8361233208525262,/mnt/lustre/users/kiarash-eitgbi/code/hierarchical-kaveh-runs/atom4-latent-filtered-all16-400k/b81485f257299928492ebc38a31e0eccb477fb02/recovery-esmfold-v2/esmfold/step0150000/r0_z5_b0p03_c0/panel_summary.json
filtered,150000,r0_z5_b0p03_c0,constant_k3,cell,64,32,0.59375,0.59375,0.90625,79.5005480942691,1.30767786115298,0.8593848044649679,0.8740044139272956,/mnt/lustre/users/kiarash-eitgbi/code/hierarchical-kaveh-runs/atom4-latent-filtered-all16-400k/b81485f257299928492ebc38a31e0eccb477fb02/recovery-esmfold-v2/esmfold/step0150000/r0_z5_b0p03_c0/panel_summary.json
filtered,150000,r0_z5_b0p03_c0,constant_k3,cell,96,32,0.09375,0.09375,0.65625,67.91033477319107,2.356624655158808,1.7429002377442315,0.8048650386133143,/mnt/lustre/users/kiarash-eitgbi/code/hierarchical-kaveh-runs/atom4-latent-filtered-all16-400k/b81485f257299928492ebc38a31e0eccb477fb02/recovery-esmfold-v2/esmfold/step0150000/r0_z5_b0p03_c0/panel_summary.json
filtered,150000,r0_z5_b0p03_c0,constant_k3,cell,128,32,0.28125,0.28125,0.625,71.75712124581574,2.69193279095807,1.7543527972650999,0.829500510016969,/mnt/lustre/users/kiarash-eitgbi/code/hierarchical-kaveh-runs/atom4-latent-filtered-all16-400k/b81485f257299928492ebc38a31e0eccb477fb02/recovery-esmfold-v2/esmfold/step0150000/r0_z5_b0p03_c0/panel_summary.json
filtered,150000,r1_large_z8_b0p01_c0p25,constant_k3,aggregate,all,96,0.3125,0.3229166666666667,0.6979166666666666,72.68554938499578,1.848641418794364,1.4550199006528062,0.8604165008481391,/mnt/lustre/users/kiarash-eitgbi/code/hierarchical-kaveh-runs/atom4-latent-filtered-all16-400k/b81485f257299928492ebc38a31e0eccb477fb02/recovery-esmfold-v2/esmfold/step0150000/r1_large_z8_b0p01_c0p25/panel_summary.json
filtered,150000,r1_large_z8_b0p01_c0p25,constant_k3,cell,64,32,0.71875,0.75,0.90625,82.82694264532158,0.9017806243537598,0.7508631503241981,0.9220310387367976,/mnt/lustre/users/kiarash-eitgbi/code/hierarchical-kaveh-runs/atom4-latent-filtered-all16-400k/b81485f257299928492ebc38a31e0eccb477fb02/recovery-esmfold-v2/esmfold/step0150000/r1_large_z8_b0p01_c0p25/panel_summary.json
filtered,150000,r1_large_z8_b0p01_c0p25,constant_k3,cell,96,32,0.125,0.125,0.625,67.46830225566823,2.1521919490407853,1.7864504382539241,0.8290836159451678,/mnt/lustre/users/kiarash-eitgbi/code/hierarchical-kaveh-runs/atom4-latent-filtered-all16-400k/b81485f257299928492ebc38a31e0eccb477fb02/recovery-esmfold-v2/esmfold/step0150000/r1_large_z8_b0p01_c0p25/panel_summary.json
filtered,150000,r1_large_z8_b0p01_c0p25,constant_k3,cell,128,32,0.09375,0.09375,0.5625,67.76140325399754,2.4919516829885477,1.8328455773254695,0.8301348478624517,/mnt/lustre/users/kiarash-eitgbi/code/hierarchical-kaveh-runs/atom4-latent-filtered-all16-400k/b81485f257299928492ebc38a31e0eccb477fb02/recovery-esmfold-v2/esmfold/step0150000/r1_large_z8_b0p01_c0p25/panel_summary.json
filtered,150000,r1_z2_b0p3_c0p25,constant_k3,aggregate,all,96,0.34375,0.3958333333333333,0.6770833333333334,71.48648025966595,2.956077201030651,1.6119745654853044,0.7979790679285589,/mnt/lustre/users/kiarash-eitgbi/code/hierarchical-kaveh-runs/atom4-latent-filtered-all16-400k/b81485f257299928492ebc38a31e0eccb477fb02/recovery-esmfold-v2/esmfold/step0150000/r1_z2_b0p3_c0p25/panel_summary.json
filtered,150000,r1_z2_b0p3_c0p25,constant_k3,cell,64,32,0.71875,0.78125,0.875,82.57369901504124,1.207450305240509,0.9641402084350906,0.8959756782964403,/mnt/lustre/users/kiarash-eitgbi/code/hierarchical-kaveh-runs/atom4-latent-filtered-all16-400k/b81485f257299928492ebc38a31e0eccb477fb02/recovery-esmfold-v2/esmfold/step0150000/r1_z2_b0p3_c0p25/panel_summary.json
filtered,150000,r1_z2_b0p3_c0p25,constant_k3,cell,96,32,0.1875,0.1875,0.75,68.85128020654716,2.5648879317460063,1.6270995282775202,0.8070883201311966,/mnt/lustre/users/kiarash-eitgbi/code/hierarchical-kaveh-runs/atom4-latent-filtered-all16-400k/b81485f257299928492ebc38a31e0eccb477fb02/recovery-esmfold-v2/esmfold/step0150000/r1_z2_b0p3_c0p25/panel_summary.json
filtered,150000,r1_z2_b0p3_c0p25,constant_k3,cell,128,32,0.125,0.21875,0.40625,63.03446155740945,5.095893366105439,2.797238574109162,0.69087320535804,/mnt/lustre/users/kiarash-eitgbi/code/hierarchical-kaveh-runs/atom4-latent-filtered-all16-400k/b81485f257299928492ebc38a31e0eccb477fb02/recovery-esmfold-v2/esmfold/step0150000/r1_z2_b0p3_c0p25/panel_summary.json
filtered,150000,r1_z3_b0p01_c0p125,constant_k3,aggregate,all,96,0.3958333333333333,0.40625,0.7083333333333334,75.40551042966537,2.150574455363388,1.379036617088396,0.8455794580462758,/mnt/lustre/users/kiarash-eitgbi/code/hierarchical-kaveh-runs/atom4-latent-filtered-all16-400k/b81485f257299928492ebc38a31e0eccb477fb02/recovery-esmfold-v2/esmfold/step0150000/r1_z3_b0p01_c0p125/panel_summary.json
filtered,150000,r1_z3_b0p01_c0p125,constant_k3,cell,64,32,0.96875,0.96875,1.0,86.5849161704258,0.6558991676985917,0.5917217816945417,0.9519423124303601,/mnt/lustre/users/kiarash-eitgbi/code/hierarchical-kaveh-runs/atom4-latent-filtered-all16-400k/b81485f257299928492ebc38a31e0eccb477fb02/recovery-esmfold-v2/esmfold/step0150000/r1_z3_b0p01_c0p125/panel_summary.json
filtered,150000,r1_z3_b0p01_c0p125,constant_k3,cell,96,32,0.125,0.125,0.59375,71.20978165721105,2.4099257403567202,1.6478309477444195,0.8231635578365659,/mnt/lustre/users/kiarash-eitgbi/code/hierarchical-kaveh-runs/atom4-latent-filtered-all16-400k/b81485f257299928492ebc38a31e0eccb477fb02/recovery-esmfold-v2/esmfold/step0150000/r1_z3_b0p01_c0p125/panel_summary.json
filtered,150000,r1_z3_b0p01_c0p125,constant_k3,cell,128,32,0.09375,0.125,0.53125,68.42183346135927,3.385898458034852,1.9610720735304976,0.761632503871901,/mnt/lustre/users/kiarash-eitgbi/code/hierarchical-kaveh-runs/atom4-latent-filtered-all16-400k/b81485f257299928492ebc38a31e0eccb477fb02/recovery-esmfold-v2/esmfold/step0150000/r1_z3_b0p01_c0p125/panel_summary.json
filtered,150000,r1_z4_b0p3_c0p5,constant_k3,aggregate,all,96,0.23958333333333334,0.25,0.5208333333333334,67.75046902466889,2.7888270046841144,1.9324174537546366,0.7809561581912231,/mnt/lustre/users/kiarash-eitgbi/code/hierarchical-kaveh-runs/atom4-latent-filtered-all16-400k/b81485f257299928492ebc38a31e0eccb477fb02/recovery-esmfold-v2/esmfold/step0150000/r1_z4_b0p3_c0p5/panel_summary.json
filtered,150000,r1_z4_b0p3_c0p5,constant_k3,cell,64,32,0.5625,0.59375,0.90625,79.62436586545536,1.0164381529181314,0.8356936720889576,0.8980998727613478,/mnt/lustre/users/kiarash-eitgbi/code/hierarchical-kaveh-runs/atom4-latent-filtered-all16-400k/b81485f257299928492ebc38a31e0eccb477fb02/recovery-esmfold-v2/esmfold/step0150000/r1_z4_b0p3_c0p5/panel_summary.json
filtered,150000,r1_z4_b0p3_c0p5,constant_k3,cell,96,32,0.0625,0.0625,0.40625,61.90174097904091,3.2606686521132384,2.6338155653234123,0.7175706520863564,/mnt/lustre/users/kiarash-eitgbi/code/hierarchical-kaveh-runs/atom4-latent-filtered-all16-400k/b81485f257299928492ebc38a31e0eccb477fb02/recovery-esmfold-v2/esmfold/step0150000/r1_z4_b0p3_c0p5/panel_summary.json
filtered,150000,r1_z4_b0p3_c0p5,constant_k3,cell,128,32,0.09375,0.09375,0.25,61.72530022951042,4.089374209020974,2.8088922943702297,0.7271979497259651,/mnt/lustre/users/kiarash-eitgbi/code/hierarchical-kaveh-runs/atom4-latent-filtered-all16-400k/b81485f257299928492ebc38a31e0eccb477fb02/recovery-esmfold-v2/esmfold/step0150000/r1_z4_b0p3_c0p5/panel_summary.json
filtered,150000,r2_z2_b0p1_c0p125,constant_k3,aggregate,all,96,0.3229166666666667,0.3541666666666667,0.5520833333333334,72.21057947476285,2.567188585970223,1.752993120798608,0.8081868379946386,/mnt/lustre/users/kiarash-eitgbi/code/hierarchical-kaveh-runs/atom4-latent-filtered-all16-400k/b81485f257299928492ebc38a31e0eccb477fb02/recovery-esmfold-v2/esmfold/step0150000/r2_z2_b0p1_c0p125/panel_summary.json
filtered,150000,r2_z2_b0p1_c0p125,constant_k3,cell,64,32,0.625,0.71875,0.78125,80.29669743221879,1.823636413192643,0.7501381850998405,0.8532264556644502,/mnt/lustre/users/kiarash-eitgbi/code/hierarchical-kaveh-runs/atom4-latent-filtered-all16-400k/b81485f257299928492ebc38a31e0eccb477fb02/recovery-esmfold-v2/esmfold/step0150000/r2_z2_b0p1_c0p125/panel_summary.json
filtered,150000,r2_z2_b0p1_c0p125,constant_k3,cell,96,32,0.1875,0.1875,0.46875,68.32221096078862,2.372429393144426,2.019481521918913,0.8043079240598593,/mnt/lustre/users/kiarash-eitgbi/code/hierarchical-kaveh-runs/atom4-latent-filtered-all16-400k/b81485f257299928492ebc38a31e0eccb477fb02/recovery-esmfold-v2/esmfold/step0150000/r2_z2_b0p1_c0p125/panel_summary.json
filtered,150000,r2_z2_b0p1_c0p125,constant_k3,cell,128,32,0.15625,0.15625,0.40625,68.01283003128117,3.5054999515736,2.436026913395604,0.7670261342596065,/mnt/lustre/users/kiarash-eitgbi/code/hierarchical-kaveh-runs/atom4-latent-filtered-all16-400k/b81485f257299928492ebc38a31e0eccb477fb02/recovery-esmfold-v2/esmfold/step0150000/r2_z2_b0p1_c0p125/panel_summary.json
filtered,150000,r2_z4_b0p03_c0p25,constant_k3,aggregate,all,96,0.3854166666666667,0.3854166666666667,0.6875,75.040600942691,1.8806674571595712,1.2854022569293018,0.8602460911669846,/mnt/lustre/users/kiarash-eitgbi/code/hierarchical-kaveh-runs/atom4-latent-filtered-all16-400k/b81485f257299928492ebc38a31e0eccb477fb02/recovery-esmfold-v2/esmfold/step0150000/r2_z4_b0p03_c0p25/panel_summary.json
filtered,150000,r2_z4_b0p03_c0p25,constant_k3,cell,64,32,0.875,0.875,0.96875,84.8728721664268,0.8231515511146553,0.6951656089351381,0.9311071079786655,/mnt/lustre/users/kiarash-eitgbi/code/hierarchical-kaveh-runs/atom4-latent-filtered-all16-400k/b81485f257299928492ebc38a31e0eccb477fb02/recovery-esmfold-v2/esmfold/step0150000/r2_z4_b0p03_c0p25/panel_summary.json
filtered,150000,r2_z4_b0p03_c0p25,constant_k3,cell,96,32,0.125,0.125,0.625,72.00384911463603,1.7750044695544371,1.7353457440440256,0.8527480456790875,/mnt/lustre/users/kiarash-eitgbi/code/hierarchical-kaveh-runs/atom4-latent-filtered-all16-400k/b81485f257299928492ebc38a31e0eccb477fb02/recovery-esmfold-v2/esmfold/step0150000/r2_z4_b0p03_c0p25/panel_summary.json
filtered,150000,r2_z4_b0p03_c0p25,constant_k3,cell,128,32,0.15625,0.15625,0.46875,68.24508154701014,3.0438463508096207,2.15635506218867,0.7968831198432009,/mnt/lustre/users/kiarash-eitgbi/code/hierarchical-kaveh-runs/atom4-latent-filtered-all16-400k/b81485f257299928492ebc38a31e0eccb477fb02/recovery-esmfold-v2/esmfold/step0150000/r2_z4_b0p03_c0p25/panel_summary.json
filtered,200000,r0_large_z4_b0p01_c0p25,constant_k3,aggregate,all,96,0.34375,0.34375,0.5625,68.63655244857016,3.044765645526438,1.7703955239948463,0.7735248858602605,/mnt/lustre/users/kiarash-eitgbi/code/hierarchical-kaveh-runs/atom4-latent-filtered-all16-400k/b81485f257299928492ebc38a31e0eccb477fb02/recovery-esmfold-v2/esmfold/step0200000/r0_large_z4_b0p01_c0p25/panel_summary.json
filtered,200000,r0_large_z4_b0p01_c0p25,constant_k3,cell,64,32,0.875,0.875,0.96875,83.74373449793796,0.7698902585895293,0.7033431966175271,0.9396673696122366,/mnt/lustre/users/kiarash-eitgbi/code/hierarchical-kaveh-runs/atom4-latent-filtered-all16-400k/b81485f257299928492ebc38a31e0eccb477fb02/recovery-esmfold-v2/esmfold/step0200000/r0_large_z4_b0p01_c0p25/panel_summary.json
filtered,200000,r0_large_z4_b0p01_c0p25,constant_k3,cell,96,32,0.15625,0.15625,0.375,61.36878713241187,4.426373876529677,3.2837276720750386,0.6385414142696537,/mnt/lustre/users/kiarash-eitgbi/code/hierarchical-kaveh-runs/atom4-latent-filtered-all16-400k/b81485f257299928492ebc38a31e0eccb477fb02/recovery-esmfold-v2/esmfold/step0200000/r0_large_z4_b0p01_c0p25/panel_summary.json
filtered,200000,r0_large_z4_b0p01_c0p25,constant_k3,cell,128,32,0.0,0.0,0.34375,60.79713571536061,3.9380328014601074,2.445484111209082,0.7423658736988912,/mnt/lustre/users/kiarash-eitgbi/code/hierarchical-kaveh-runs/atom4-latent-filtered-all16-400k/b81485f257299928492ebc38a31e0eccb477fb02/recovery-esmfold-v2/esmfold/step0200000/r0_large_z4_b0p01_c0p25/panel_summary.json
filtered,200000,r0_large_z8_b0p01_c0p125,constant_k3,aggregate,all,96,0.1875,0.19791666666666666,0.5104166666666666,68.43693586734322,2.8083967442539817,1.890274698150899,0.7893209921811889,/mnt/lustre/users/kiarash-eitgbi/code/hierarchical-kaveh-runs/atom4-latent-filtered-all16-400k/b81485f257299928492ebc38a31e0eccb477fb02/recovery-esmfold-v2/esmfold/step0200000/r0_large_z8_b0p01_c0p125/panel_summary.json
filtered,200000,r0_large_z8_b0p01_c0p125,constant_k3,cell,64,32,0.53125,0.5625,0.9375,80.61749097448666,0.8704824369910398,0.8087723519364612,0.9201886826154118,/mnt/lustre/users/kiarash-eitgbi/code/hierarchical-kaveh-runs/atom4-latent-filtered-all16-400k/b81485f257299928492ebc38a31e0eccb477fb02/recovery-esmfold-v2/esmfold/step0200000/r0_large_z8_b0p01_c0p125/panel_summary.json
filtered,200000,r0_large_z8_b0p01_c0p125,constant_k3,cell,96,32,0.0,0.0,0.46875,65.24572220200713,2.7641582134411364,2.0566310685827336,0.7729150199097866,/mnt/lustre/users/kiarash-eitgbi/code/hierarchical-kaveh-runs/atom4-latent-filtered-all16-400k/b81485f257299928492ebc38a31e0eccb477fb02/recovery-esmfold-v2/esmfold/step0200000/r0_large_z8_b0p01_c0p125/panel_summary.json
filtered,200000,r0_large_z8_b0p01_c0p125,constant_k3,cell,128,32,0.03125,0.03125,0.125,59.44759442553588,4.790549582329769,4.224665291871466,0.6748592740183685,/mnt/lustre/users/kiarash-eitgbi/code/hierarchical-kaveh-runs/atom4-latent-filtered-all16-400k/b81485f257299928492ebc38a31e0eccb477fb02/recovery-esmfold-v2/esmfold/step0200000/r0_large_z8_b0p01_c0p125/panel_summary.json
filtered,200000,r0_z2_b0p1_c0,constant_k3,aggregate,all,96,0.3854166666666667,0.4166666666666667,0.7395833333333334,75.00282582351902,2.0985690964374424,1.3855219315552847,0.8437817846220012,/mnt/lustre/users/kiarash-eitgbi/code/hierarchical-kaveh-runs/atom4-latent-filtered-all16-400k/b81485f257299928492ebc38a31e0eccb477fb02/recovery-esmfold-v2/esmfold/step0200000/r0_z2_b0p1_c0/panel_summary.json
filtered,200000,r0_z2_b0p1_c0,constant_k3,cell,64,32,0.875,0.875,0.9375,82.94740330501509,0.9490220026416241,0.7947279377162895,0.9029951979414828,/mnt/lustre/users/kiarash-eitgbi/code/hierarchical-kaveh-runs/atom4-latent-filtered-all16-400k/b81485f257299928492ebc38a31e0eccb477fb02/recovery-esmfold-v2/esmfold/step0200000/r0_z2_b0p1_c0/panel_summary.json
filtered,200000,r0_z2_b0p1_c0,constant_k3,cell,96,32,0.15625,0.25,0.71875,73.83735376804924,2.1801619854286227,1.5547834886743614,0.836289050445596,/mnt/lustre/users/kiarash-eitgbi/code/hierarchical-kaveh-runs/atom4-latent-filtered-all16-400k/b81485f257299928492ebc38a31e0eccb477fb02/recovery-esmfold-v2/esmfold/step0200000/r0_z2_b0p1_c0/panel_summary.json
filtered,200000,r0_z2_b0p1_c0,constant_k3,cell,128,32,0.125,0.125,0.5625,68.22372039749276,3.1665233012420804,1.836783081747118,0.7920611054789249,/mnt/lustre/users/kiarash-eitgbi/code/hierarchical-kaveh-runs/atom4-latent-filtered-all16-400k/b81485f257299928492ebc38a31e0eccb477fb02/recovery-esmfold-v2/esmfold/step0200000/r0_z2_b0p1_c0/panel_summary.json
filtered,200000,r0_z3_b0p03_c0p5,constant_k3,aggregate,all,96,0.15625,0.15625,0.5104166666666666,66.6864080116275,3.0256788983191742,1.9012526364452533,0.7630948477084282,/mnt/lustre/users/kiarash-eitgbi/code/hierarchical-kaveh-runs/atom4-latent-filtered-all16-400k/b81485f257299928492ebc38a31e0eccb477fb02/recovery-esmfold-v2/esmfold/step0200000/r0_z3_b0p03_c0p5/panel_summary.json
filtered,200000,r0_z3_b0p03_c0p5,constant_k3,cell,64,32,0.3125,0.3125,0.90625,76.23693017347478,1.1726408260430132,0.8947397209758636,0.8826408895940756,/mnt/lustre/users/kiarash-eitgbi/code/hierarchical-kaveh-runs/atom4-latent-filtered-all16-400k/b81485f257299928492ebc38a31e0eccb477fb02/recovery-esmfold-v2/esmfold/step0200000/r0_z3_b0p03_c0p5/panel_summary.json
filtered,200000,r0_z3_b0p03_c0p5,constant_k3,cell,96,32,0.125,0.125,0.40625,63.99933103356413,2.869055153715548,2.433505828649329,0.7465298754667116,/mnt/lustre/users/kiarash-eitgbi/code/hierarchical-kaveh-runs/atom4-latent-filtered-all16-400k/b81485f257299928492ebc38a31e0eccb477fb02/recovery-esmfold-v2/esmfold/step0200000/r0_z3_b0p03_c0p5/panel_summary.json
filtered,200000,r0_z3_b0p03_c0p5,constant_k3,cell,128,32,0.03125,0.03125,0.21875,59.8229628278436,5.035340715198961,3.870647857919478,0.6601137780644972,/mnt/lustre/users/kiarash-eitgbi/code/hierarchical-kaveh-runs/atom4-latent-filtered-all16-400k/b81485f257299928492ebc38a31e0eccb477fb02/recovery-esmfold-v2/esmfold/step0200000/r0_z3_b0p03_c0p5/panel_summary.json
filtered,200000,r0_z3_b0p3_c0p125,constant_k3,aggregate,all,96,0.13541666666666666,0.14583333333333334,0.3541666666666667,60.85374555560384,4.286096500429963,2.6620957943483985,0.6796129949107949,/mnt/lustre/users/kiarash-eitgbi/code/hierarchical-kaveh-runs/atom4-latent-filtered-all16-400k/b81485f257299928492ebc38a31e0eccb477fb02/recovery-esmfold-v2/esmfold/step0200000/r0_z3_b0p3_c0p125/panel_summary.json
filtered,200000,r0_z3_b0p3_c0p125,constant_k3,cell,64,32,0.375,0.375,0.6875,71.6815068424649,2.0935781563207683,1.4630515430666717,0.7786049758173743,/mnt/lustre/users/kiarash-eitgbi/code/hierarchical-kaveh-runs/atom4-latent-filtered-all16-400k/b81485f257299928492ebc38a31e0eccb477fb02/recovery-esmfold-v2/esmfold/step0200000/r0_z3_b0p3_c0p125/panel_summary.json
filtered,200000,r0_z3_b0p3_c0p125,constant_k3,cell,96,32,0.03125,0.03125,0.21875,57.05612146048285,5.390959011819913,3.2461736730720467,0.6117183127138232,/mnt/lustre/users/kiarash-eitgbi/code/hierarchical-kaveh-runs/atom4-latent-filtered-all16-400k/b81485f257299928492ebc38a31e0eccb477fb02/recovery-esmfold-v2/esmfold/step0200000/r0_z3_b0p3_c0p125/panel_summary.json
filtered,200000,r0_z3_b0p3_c0p125,constant_k3,cell,128,32,0.0,0.03125,0.15625,53.82360836386378,5.373752333149207,3.6832116005404743,0.6485156962011867,/mnt/lustre/users/kiarash-eitgbi/code/hierarchical-kaveh-runs/atom4-latent-filtered-all16-400k/b81485f257299928492ebc38a31e0eccb477fb02/recovery-esmfold-v2/esmfold/step0200000/r0_z3_b0p3_c0p125/panel_summary.json
filtered,200000,r0_z5_b0p03_c0,constant_k3,aggregate,all,96,0.3229166666666667,0.34375,0.6458333333333334,72.07365564028258,2.6006012848218942,1.4682011911229087,0.8100168876549049,/mnt/lustre/users/kiarash-eitgbi/code/hierarchical-kaveh-runs/atom4-latent-filtered-all16-400k/b81485f257299928492ebc38a31e0eccb477fb02/recovery-esmfold-v2/esmfold/step0200000/r0_z5_b0p03_c0/panel_summary.json
filtered,200000,r0_z5_b0p03_c0,constant_k3,cell,64,32,0.75,0.75,0.9375,81.76813176558099,1.366192678879405,0.8513268925985984,0.8882432591269631,/mnt/lustre/users/kiarash-eitgbi/code/hierarchical-kaveh-runs/atom4-latent-filtered-all16-400k/b81485f257299928492ebc38a31e0eccb477fb02/recovery-esmfold-v2/esmfold/step0200000/r0_z5_b0p03_c0/panel_summary.json
filtered,200000,r0_z5_b0p03_c0,constant_k3,cell,96,32,0.09375,0.09375,0.59375,67.89950509534368,2.5475468197751256,1.9250404123472595,0.7833802203324424,/mnt/lustre/users/kiarash-eitgbi/code/hierarchical-kaveh-runs/atom4-latent-filtered-all16-400k/b81485f257299928492ebc38a31e0eccb477fb02/recovery-esmfold-v2/esmfold/step0200000/r0_z5_b0p03_c0/panel_summary.json
filtered,200000,r0_z5_b0p03_c0,constant_k3,cell,128,32,0.125,0.1875,0.40625,66.55333005992307,3.8880643558111525,2.227691790583708,0.7584271835053091,/mnt/lustre/users/kiarash-eitgbi/code/hierarchical-kaveh-runs/atom4-latent-filtered-all16-400k/b81485f257299928492ebc38a31e0eccb477fb02/recovery-esmfold-v2/esmfold/step0200000/r0_z5_b0p03_c0/panel_summary.json
filtered,200000,r1_large_z8_b0p01_c0p25,constant_k3,aggregate,all,96,0.28125,0.28125,0.5104166666666666,66.81692791949753,3.461026437468695,1.8945717019652255,0.7413659672954959,/mnt/lustre/users/kiarash-eitgbi/code/hierarchical-kaveh-runs/atom4-latent-filtered-all16-400k/b81485f257299928492ebc38a31e0eccb477fb02/recovery-esmfold-v2/esmfold/step0200000/r1_large_z8_b0p01_c0p25/panel_summary.json
filtered,200000,r1_large_z8_b0p01_c0p25,constant_k3,cell,64,32,0.78125,0.78125,0.9375,81.7644218302093,1.0904882658958175,0.7767143637024272,0.8983205290284435,/mnt/lustre/users/kiarash-eitgbi/code/hierarchical-kaveh-runs/atom4-latent-filtered-all16-400k/b81485f257299928492ebc38a31e0eccb477fb02/recovery-esmfold-v2/esmfold/step0200000/r1_large_z8_b0p01_c0p25/panel_summary.json
filtered,200000,r1_large_z8_b0p01_c0p25,constant_k3,cell,96,32,0.0625,0.0625,0.28125,62.56312345154943,3.218052747073905,2.638610642784377,0.7256768820811363,/mnt/lustre/users/kiarash-eitgbi/code/hierarchical-kaveh-runs/atom4-latent-filtered-all16-400k/b81485f257299928492ebc38a31e0eccb477fb02/recovery-esmfold-v2/esmfold/step0200000/r1_large_z8_b0p01_c0p25/panel_summary.json
filtered,200000,r1_large_z8_b0p01_c0p25,constant_k3,cell,128,32,0.0,0.0,0.3125,56.12323847673392,6.074538299436361,5.167030750041764,0.6001004907769081,/mnt/lustre/users/kiarash-eitgbi/code/hierarchical-kaveh-runs/atom4-latent-filtered-all16-400k/b81485f257299928492ebc38a31e0eccb477fb02/recovery-esmfold-v2/esmfold/step0200000/r1_large_z8_b0p01_c0p25/panel_summary.json
filtered,200000,r1_z2_b0p3_c0p25,constant_k3,aggregate,all,96,0.3645833333333333,0.3854166666666667,0.5625,71.82276476260739,2.980469309845082,1.7735499125652847,0.7832906421410354,/mnt/lustre/users/kiarash-eitgbi/code/hierarchical-kaveh-runs/atom4-latent-filtered-all16-400k/b81485f257299928492ebc38a31e0eccb477fb02/recovery-esmfold-v2/esmfold/step0200000/r1_z2_b0p3_c0p25/panel_summary.json
filtered,200000,r1_z2_b0p3_c0p25,constant_k3,cell,64,32,0.84375,0.84375,0.96875,83.44461218714794,1.1211280109078245,0.8887033304994962,0.9032551378178191,/mnt/lustre/users/kiarash-eitgbi/code/hierarchical-kaveh-runs/atom4-latent-filtered-all16-400k/b81485f257299928492ebc38a31e0eccb477fb02/recovery-esmfold-v2/esmfold/step0200000/r1_z2_b0p3_c0p25/panel_summary.json
filtered,200000,r1_z2_b0p3_c0p25,constant_k3,cell,96,32,0.15625,0.1875,0.40625,68.6749302110358,3.0155373680582485,2.176097587234898,0.739793063529217,/mnt/lustre/users/kiarash-eitgbi/code/hierarchical-kaveh-runs/atom4-latent-filtered-all16-400k/b81485f257299928492ebc38a31e0eccb477fb02/recovery-esmfold-v2/esmfold/step0200000/r1_z2_b0p3_c0p25/panel_summary.json
filtered,200000,r1_z2_b0p3_c0p25,constant_k3,cell,128,32,0.09375,0.125,0.3125,63.34875188963839,4.804742550569171,3.239051528656482,0.7068237250760702,/mnt/lustre/users/kiarash-eitgbi/code/hierarchical-kaveh-runs/atom4-latent-filtered-all16-400k/b81485f257299928492ebc38a31e0eccb477fb02/recovery-esmfold-v2/esmfold/step0200000/r1_z2_b0p3_c0p25/panel_summary.json
filtered,200000,r1_z3_b0p01_c0p125,constant_k3,aggregate,all,96,0.3125,0.3229166666666667,0.59375,70.02382593113991,2.658227944473536,1.7565414492243518,0.7981079272964525,/mnt/lustre/users/kiarash-eitgbi/code/hierarchical-kaveh-runs/atom4-latent-filtered-all16-400k/b81485f257299928492ebc38a31e0eccb477fb02/recovery-esmfold-v2/esmfold/step0200000/r1_z3_b0p01_c0p125/panel_summary.json
filtered,200000,r1_z3_b0p01_c0p125,constant_k3,cell,64,32,0.78125,0.78125,1.0,82.97737826242835,0.8726747406418521,0.7067829588207606,0.9264544627202589,/mnt/lustre/users/kiarash-eitgbi/code/hierarchical-kaveh-runs/atom4-latent-filtered-all16-400k/b81485f257299928492ebc38a31e0eccb477fb02/recovery-esmfold-v2/esmfold/step0200000/r1_z3_b0p01_c0p125/panel_summary.json
filtered,200000,r1_z3_b0p01_c0p125,constant_k3,cell,96,32,0.125,0.125,0.4375,61.83768438702856,3.4596086719529118,2.0826592912448074,0.7162352225164812,/mnt/lustre/users/kiarash-eitgbi/code/hierarchical-kaveh-runs/atom4-latent-filtered-all16-400k/b81485f257299928492ebc38a31e0eccb477fb02/recovery-esmfold-v2/esmfold/step0200000/r1_z3_b0p01_c0p125/panel_summary.json
filtered,200000,r1_z3_b0p01_c0p125,constant_k3,cell,128,32,0.03125,0.0625,0.34375,65.25641514396284,3.642400420825844,2.2824460696966735,0.7516340966526173,/mnt/lustre/users/kiarash-eitgbi/code/hierarchical-kaveh-runs/atom4-latent-filtered-all16-400k/b81485f257299928492ebc38a31e0eccb477fb02/recovery-esmfold-v2/esmfold/step0200000/r1_z3_b0p01_c0p125/panel_summary.json
filtered,200000,r1_z4_b0p3_c0p5,constant_k3,aggregate,all,96,0.16666666666666666,0.16666666666666666,0.46875,64.07673370194168,3.3013646776698895,2.3378644792018886,0.7503592801008461,/mnt/lustre/users/kiarash-eitgbi/code/hierarchical-kaveh-runs/atom4-latent-filtered-all16-400k/b81485f257299928492ebc38a31e0eccb477fb02/recovery-esmfold-v2/esmfold/step0200000/r1_z4_b0p3_c0p5/panel_summary.json
filtered,200000,r1_z4_b0p3_c0p5,constant_k3,cell,64,32,0.4375,0.4375,1.0,78.99474026011649,0.7927142879623454,0.7334777374606132,0.9299426009446444,/mnt/lustre/users/kiarash-eitgbi/code/hierarchical-kaveh-runs/atom4-latent-filtered-all16-400k/b81485f257299928492ebc38a31e0eccb477fb02/recovery-esmfold-v2/esmfold/step0200000/r1_z4_b0p3_c0p5/panel_summary.json
filtered,200000,r1_z4_b0p3_c0p5,constant_k3,cell,96,32,0.0625,0.0625,0.1875,57.62217507694969,4.424611304784658,3.482426479595895,0.619983745380017,/mnt/lustre/users/kiarash-eitgbi/code/hierarchical-kaveh-runs/atom4-latent-filtered-all16-400k/b81485f257299928492ebc38a31e0eccb477fb02/recovery-esmfold-v2/esmfold/step0200000/r1_z4_b0p3_c0p5/panel_summary.json
filtered,200000,r1_z4_b0p3_c0p5,constant_k3,cell,128,32,0.0,0.0,0.21875,55.61328576875883,4.686768440262666,3.1740104374241938,0.701151493977877,/mnt/lustre/users/kiarash-eitgbi/code/hierarchical-kaveh-runs/atom4-latent-filtered-all16-400k/b81485f257299928492ebc38a31e0eccb477fb02/recovery-esmfold-v2/esmfold/step0200000/r1_z4_b0p3_c0p5/panel_summary.json
filtered,200000,r2_z2_b0p1_c0p125,constant_k3,aggregate,all,96,0.17708333333333334,0.1875,0.53125,65.27173776608981,3.1527028656001845,1.7656862816421186,0.7598778903400903,/mnt/lustre/users/kiarash-eitgbi/code/hierarchical-kaveh-runs/atom4-latent-filtered-all16-400k/b81485f257299928492ebc38a31e0eccb477fb02/recovery-esmfold-v2/esmfold/step0200000/r2_z2_b0p1_c0p125/panel_summary.json
filtered,200000,r2_z2_b0p1_c0p125,constant_k3,cell,64,32,0.5,0.5,0.8125,77.46839078710107,1.824814890871267,0.8885355949719994,0.8374906318319533,/mnt/lustre/users/kiarash-eitgbi/code/hierarchical-kaveh-runs/atom4-latent-filtered-all16-400k/b81485f257299928492ebc38a31e0eccb477fb02/recovery-esmfold-v2/esmfold/step0200000/r2_z2_b0p1_c0p125/panel_summary.json
filtered,200000,r2_z2_b0p1_c0p125,constant_k3,cell,96,32,0.03125,0.0625,0.375,61.69412479493518,2.83501975533986,2.2978410025571527,0.7549398601541792,/mnt/lustre/users/kiarash-eitgbi/code/hierarchical-kaveh-runs/atom4-latent-filtered-all16-400k/b81485f257299928492ebc38a31e0eccb477fb02/recovery-esmfold-v2/esmfold/step0200000/r2_z2_b0p1_c0p125/panel_summary.json
filtered,200000,r2_z2_b0p1_c0p125,constant_k3,cell,128,32,0.0,0.0,0.40625,56.65269771623316,4.798273950589428,2.8250184712925526,0.6872031790341386,/mnt/lustre/users/kiarash-eitgbi/code/hierarchical-kaveh-runs/atom4-latent-filtered-all16-400k/b81485f257299928492ebc38a31e0eccb477fb02/recovery-esmfold-v2/esmfold/step0200000/r2_z2_b0p1_c0p125/panel_summary.json
filtered,200000,r2_z4_b0p03_c0p25,constant_k3,aggregate,all,96,0.2916666666666667,0.2916666666666667,0.5416666666666666,69.77405472147862,2.614097314887115,1.8012064101668734,0.8022327861165083,/mnt/lustre/users/kiarash-eitgbi/code/hierarchical-kaveh-runs/atom4-latent-filtered-all16-400k/b81485f257299928492ebc38a31e0eccb477fb02/recovery-esmfold-v2/esmfold/step0200000/r2_z4_b0p03_c0p25/panel_summary.json
filtered,200000,r2_z4_b0p03_c0p25,constant_k3,cell,64,32,0.8125,0.8125,1.0,83.19323617163191,0.839598767494844,0.7943182236433766,0.928759245420857,/mnt/lustre/users/kiarash-eitgbi/code/hierarchical-kaveh-runs/atom4-latent-filtered-all16-400k/b81485f257299928492ebc38a31e0eccb477fb02/recovery-esmfold-v2/esmfold/step0200000/r2_z4_b0p03_c0p25/panel_summary.json
filtered,200000,r2_z4_b0p03_c0p25,constant_k3,cell,96,32,0.03125,0.03125,0.4375,62.961145522736714,3.2440622137189834,2.4117470801767182,0.7371025398860114,/mnt/lustre/users/kiarash-eitgbi/code/hierarchical-kaveh-runs/atom4-latent-filtered-all16-400k/b81485f257299928492ebc38a31e0eccb477fb02/recovery-esmfold-v2/esmfold/step0200000/r2_z4_b0p03_c0p25/panel_summary.json
filtered,200000,r2_z4_b0p03_c0p25,constant_k3,cell,128,32,0.03125,0.03125,0.1875,63.16778247006722,3.7586309634475192,2.704959565051449,0.7408365730426562,/mnt/lustre/users/kiarash-eitgbi/code/hierarchical-kaveh-runs/atom4-latent-filtered-all16-400k/b81485f257299928492ebc38a31e0eccb477fb02/recovery-esmfold-v2/esmfold/step0200000/r2_z4_b0p03_c0p25/panel_summary.json
filtered,250000,r0_large_z4_b0p01_c0p25,constant_k3,aggregate,all,96,0.375,0.3854166666666667,0.5520833333333334,68.35686481122012,2.8360705734707943,1.7728668286061122,0.7899298673484227,/mnt/lustre/users/kiarash-eitgbi/code/hierarchical-kaveh-runs/atom4-latent-filtered-all16-400k/b81485f257299928492ebc38a31e0eccb477fb02/recovery-esmfold-v2/esmfold/step0250000/r0_large_z4_b0p01_c0p25/panel_summary.json
filtered,250000,r0_large_z4_b0p01_c0p25,constant_k3,cell,64,32,0.96875,0.96875,1.0,84.09622311778604,0.7122518900666893,0.696528739679475,0.9439211103115706,/mnt/lustre/users/kiarash-eitgbi/code/hierarchical-kaveh-runs/atom4-latent-filtered-all16-400k/b81485f257299928492ebc38a31e0eccb477fb02/recovery-esmfold-v2/esmfold/step0250000/r0_large_z4_b0p01_c0p25/panel_summary.json
filtered,250000,r0_large_z4_b0p01_c0p25,constant_k3,cell,96,32,0.09375,0.125,0.34375,62.51988081276684,3.5438317518618927,2.5127144848000693,0.7062122983513189,/mnt/lustre/users/kiarash-eitgbi/code/hierarchical-kaveh-runs/atom4-latent-filtered-all16-400k/b81485f257299928492ebc38a31e0eccb477fb02/recovery-esmfold-v2/esmfold/step0250000/r0_large_z4_b0p01_c0p25/panel_summary.json
filtered,250000,r0_large_z4_b0p01_c0p25,constant_k3,cell,128,32,0.0625,0.0625,0.3125,58.45449050310745,4.252128078483802,2.9386825281211397,0.7196561933823789,/mnt/lustre/users/kiarash-eitgbi/code/hierarchical-kaveh-runs/atom4-latent-filtered-all16-400k/b81485f257299928492ebc38a31e0eccb477fb02/recovery-esmfold-v2/esmfold/step0250000/r0_large_z4_b0p01_c0p25/panel_summary.json
filtered,250000,r0_large_z8_b0p01_c0p125,constant_k3,aggregate,all,96,0.25,0.25,0.46875,66.61412708689316,3.1176045953061817,2.059880072277889,0.7650448133106115,/mnt/lustre/users/kiarash-eitgbi/code/hierarchical-kaveh-runs/atom4-latent-filtered-all16-400k/b81485f257299928492ebc38a31e0eccb477fb02/recovery-esmfold-v2/esmfold/step0250000/r0_large_z8_b0p01_c0p125/panel_summary.json
filtered,250000,r0_large_z8_b0p01_c0p125,constant_k3,cell,64,32,0.6875,0.6875,1.0,81.10729426291887,0.9090919690537975,0.8333309058304121,0.9243072353795307,/mnt/lustre/users/kiarash-eitgbi/code/hierarchical-kaveh-runs/atom4-latent-filtered-all16-400k/b81485f257299928492ebc38a31e0eccb477fb02/recovery-esmfold-v2/esmfold/step0250000/r0_large_z8_b0p01_c0p125/panel_summary.json
filtered,250000,r0_large_z8_b0p01_c0p125,constant_k3,cell,96,32,0.0625,0.0625,0.3125,62.72127501559111,2.8351784733130616,2.5476023891053594,0.750396417287065,/mnt/lustre/users/kiarash-eitgbi/code/hierarchical-kaveh-runs/atom4-latent-filtered-all16-400k/b81485f257299928492ebc38a31e0eccb477fb02/recovery-esmfold-v2/esmfold/step0250000/r0_large_z8_b0p01_c0p125/panel_summary.json
filtered,250000,r0_large_z8_b0p01_c0p125,constant_k3,cell,128,32,0.0,0.0,0.09375,56.01381198216954,5.608543343551686,3.500355074368999,0.620430787265239,/mnt/lustre/users/kiarash-eitgbi/code/hierarchical-kaveh-runs/atom4-latent-filtered-all16-400k/b81485f257299928492ebc38a31e0eccb477fb02/recovery-esmfold-v2/esmfold/step0250000/r0_large_z8_b0p01_c0p125/panel_summary.json
filtered,250000,r0_z2_b0p1_c0,constant_k3,aggregate,all,96,0.3645833333333333,0.375,0.6770833333333334,73.88720503617554,2.3227102515142497,1.2872061304832916,0.8386605594172881,/mnt/lustre/users/kiarash-eitgbi/code/hierarchical-kaveh-runs/atom4-latent-filtered-all16-400k/b81485f257299928492ebc38a31e0eccb477fb02/recovery-esmfold-v2/esmfold/step0250000/r0_z2_b0p1_c0/panel_summary.json
filtered,250000,r0_z2_b0p1_c0,constant_k3,cell,64,32,0.78125,0.78125,0.96875,82.61421337266734,0.8716698667724485,0.7005281179454825,0.9228301533396315,/mnt/lustre/users/kiarash-eitgbi/code/hierarchical-kaveh-runs/atom4-latent-filtered-all16-400k/b81485f257299928492ebc38a31e0eccb477fb02/recovery-esmfold-v2/esmfold/step0250000/r0_z2_b0p1_c0/panel_summary.json
filtered,250000,r0_z2_b0p1_c0,constant_k3,cell,96,32,0.28125,0.3125,0.6875,73.24773516448911,1.8291830317423705,1.497096332526211,0.8479803803178829,/mnt/lustre/users/kiarash-eitgbi/code/hierarchical-kaveh-runs/atom4-latent-filtered-all16-400k/b81485f257299928492ebc38a31e0eccb477fb02/recovery-esmfold-v2/esmfold/step0250000/r0_z2_b0p1_c0/panel_summary.json
filtered,250000,r0_z2_b0p1_c0,constant_k3,cell,128,32,0.03125,0.03125,0.375,65.79966657137018,4.267277856027929,2.1634699556340564,0.7451711445943502,/mnt/lustre/users/kiarash-eitgbi/code/hierarchical-kaveh-runs/atom4-latent-filtered-all16-400k/b81485f257299928492ebc38a31e0eccb477fb02/recovery-esmfold-v2/esmfold/step0250000/r0_z2_b0p1_c0/panel_summary.json
filtered,250000,r0_z3_b0p03_c0p5,constant_k3,aggregate,all,96,0.19791666666666666,0.19791666666666666,0.40625,63.6011261628283,4.179306573203955,2.388227842383809,0.6848278944737539,/mnt/lustre/users/kiarash-eitgbi/code/hierarchical-kaveh-runs/atom4-latent-filtered-all16-400k/b81485f257299928492ebc38a31e0eccb477fb02/recovery-esmfold-v2/esmfold/step0250000/r0_z3_b0p03_c0p5/panel_summary.json
filtered,250000,r0_z3_b0p03_c0p5,constant_k3,cell,64,32,0.46875,0.46875,0.78125,75.36233037753111,2.3170936016954027,1.311161285355551,0.77847698278921,/mnt/lustre/users/kiarash-eitgbi/code/hierarchical-kaveh-runs/atom4-latent-filtered-all16-400k/b81485f257299928492ebc38a31e0eccb477fb02/recovery-esmfold-v2/esmfold/step0250000/r0_z3_b0p03_c0p5/panel_summary.json
filtered,250000,r0_z3_b0p03_c0p5,constant_k3,cell,96,32,0.09375,0.09375,0.25,59.17126562873861,4.192335860702385,3.1351814145315555,0.667808705066993,/mnt/lustre/users/kiarash-eitgbi/code/hierarchical-kaveh-runs/atom4-latent-filtered-all16-400k/b81485f257299928492ebc38a31e0eccb477fb02/recovery-esmfold-v2/esmfold/step0250000/r0_z3_b0p03_c0p5/panel_summary.json
filtered,250000,r0_z3_b0p03_c0p5,constant_k3,cell,128,32,0.03125,0.03125,0.1875,56.26978248221517,6.028490257214078,4.237416380623186,0.6081979955650585,/mnt/lustre/users/kiarash-eitgbi/code/hierarchical-kaveh-runs/atom4-latent-filtered-all16-400k/b81485f257299928492ebc38a31e0eccb477fb02/recovery-esmfold-v2/esmfold/step0250000/r0_z3_b0p03_c0p5/panel_summary.json
filtered,250000,r0_z3_b0p3_c0p125,constant_k3,aggregate,all,96,0.14583333333333334,0.15625,0.3645833333333333,61.239877412719004,4.39721804922766,2.6879031546477714,0.6733267256742804,/mnt/lustre/users/kiarash-eitgbi/code/hierarchical-kaveh-runs/atom4-latent-filtered-all16-400k/b81485f257299928492ebc38a31e0eccb477fb02/recovery-esmfold-v2/esmfold/step0250000/r0_z3_b0p3_c0p125/panel_summary.json
filtered,250000,r0_z3_b0p3_c0p125,constant_k3,cell,64,32,0.34375,0.375,0.71875,76.09604922913988,1.8689248142941182,1.182691198407078,0.8170021922008157,/mnt/lustre/users/kiarash-eitgbi/code/hierarchical-kaveh-runs/atom4-latent-filtered-all16-400k/b81485f257299928492ebc38a31e0eccb477fb02/recovery-esmfold-v2/esmfold/step0250000/r0_z3_b0p3_c0p125/panel_summary.json
filtered,250000,r0_z3_b0p3_c0p125,constant_k3,cell,96,32,0.09375,0.09375,0.3125,57.778061814644445,3.9681886029962117,3.2017536708824146,0.6692354435597506,/mnt/lustre/users/kiarash-eitgbi/code/hierarchical-kaveh-runs/atom4-latent-filtered-all16-400k/b81485f257299928492ebc38a31e0eccb477fb02/recovery-esmfold-v2/esmfold/step0250000/r0_z3_b0p3_c0p125/panel_summary.json
filtered,250000,r0_z3_b0p3_c0p125,constant_k3,cell,128,32,0.0,0.0,0.0625,49.845521194372665,7.3545407303926496,4.48563204921037,0.5337425412622749,/mnt/lustre/users/kiarash-eitgbi/code/hierarchical-kaveh-runs/atom4-latent-filtered-all16-400k/b81485f257299928492ebc38a31e0eccb477fb02/recovery-esmfold-v2/esmfold/step0250000/r0_z3_b0p3_c0p125/panel_summary.json
filtered,250000,r0_z5_b0p03_c0,constant_k3,aggregate,all,96,0.3020833333333333,0.3020833333333333,0.6041666666666666,68.1600788991081,2.6508507607441487,1.7006074896937282,0.8017776460875803,/mnt/lustre/users/kiarash-eitgbi/code/hierarchical-kaveh-runs/atom4-latent-filtered-all16-400k/b81485f257299928492ebc38a31e0eccb477fb02/recovery-esmfold-v2/esmfold/step0250000/r0_z5_b0p03_c0/panel_summary.json
filtered,250000,r0_z5_b0p03_c0,constant_k3,cell,64,32,0.6875,0.6875,1.0,83.23478655870603,0.8984046243035625,0.8372004077546821,0.9215498001119671,/mnt/lustre/users/kiarash-eitgbi/code/hierarchical-kaveh-runs/atom4-latent-filtered-all16-400k/b81485f257299928492ebc38a31e0eccb477fb02/recovery-esmfold-v2/esmfold/step0250000/r0_z5_b0p03_c0/panel_summary.json
filtered,250000,r0_z5_b0p03_c0,constant_k3,cell,96,32,0.125,0.125,0.5,62.445546265936834,2.923614777021282,1.9488179603688551,0.763503266190524,/mnt/lustre/users/kiarash-eitgbi/code/hierarchical-kaveh-runs/atom4-latent-filtered-all16-400k/b81485f257299928492ebc38a31e0eccb477fb02/recovery-esmfold-v2/esmfold/step0250000/r0_z5_b0p03_c0/panel_summary.json
filtered,250000,r0_z5_b0p03_c0,constant_k3,cell,128,32,0.09375,0.09375,0.3125,58.79990387268145,4.130532880907602,2.7112029695662976,0.7202798719602497,/mnt/lustre/users/kiarash-eitgbi/code/hierarchical-kaveh-runs/atom4-latent-filtered-all16-400k/b81485f257299928492ebc38a31e0eccb477fb02/recovery-esmfold-v2/esmfold/step0250000/r0_z5_b0p03_c0/panel_summary.json
filtered,250000,r1_large_z8_b0p01_c0p25,constant_k3,aggregate,all,96,0.3020833333333333,0.3020833333333333,0.4583333333333333,66.32049929888352,3.730465737859855,2.154904888308062,0.7242407977186609,/mnt/lustre/users/kiarash-eitgbi/code/hierarchical-kaveh-runs/atom4-latent-filtered-all16-400k/b81485f257299928492ebc38a31e0eccb477fb02/recovery-esmfold-v2/esmfold/step0250000/r1_large_z8_b0p01_c0p25/panel_summary.json
filtered,250000,r1_large_z8_b0p01_c0p25,constant_k3,cell,64,32,0.84375,0.84375,0.9375,82.81585094787428,0.9660060775685537,0.9324110643794208,0.9147656929304011,/mnt/lustre/users/kiarash-eitgbi/code/hierarchical-kaveh-runs/atom4-latent-filtered-all16-400k/b81485f257299928492ebc38a31e0eccb477fb02/recovery-esmfold-v2/esmfold/step0250000/r1_large_z8_b0p01_c0p25/panel_summary.json
filtered,250000,r1_large_z8_b0p01_c0p25,constant_k3,cell,96,32,0.0625,0.0625,0.25,60.80249282705749,3.5929871719363877,2.5278575457091543,0.6969620588793448,/mnt/lustre/users/kiarash-eitgbi/code/hierarchical-kaveh-runs/atom4-latent-filtered-all16-400k/b81485f257299928492ebc38a31e0eccb477fb02/recovery-esmfold-v2/esmfold/step0250000/r1_large_z8_b0p01_c0p25/panel_summary.json
filtered,250000,r1_large_z8_b0p01_c0p25,constant_k3,cell,128,32,0.0,0.0,0.1875,55.34315412171878,6.632403964074622,5.150181013734354,0.5609946413462368,/mnt/lustre/users/kiarash-eitgbi/code/hierarchical-kaveh-runs/atom4-latent-filtered-all16-400k/b81485f257299928492ebc38a31e0eccb477fb02/recovery-esmfold-v2/esmfold/step0250000/r1_large_z8_b0p01_c0p25/panel_summary.json
filtered,250000,r1_z2_b0p3_c0p25,constant_k3,aggregate,all,96,0.375,0.3854166666666667,0.5208333333333334,69.62893637646341,3.200395431043154,1.8711799594822744,0.779102509057959,/mnt/lustre/users/kiarash-eitgbi/code/hierarchical-kaveh-runs/atom4-latent-filtered-all16-400k/b81485f257299928492ebc38a31e0eccb477fb02/recovery-esmfold-v2/esmfold/step0250000/r1_z2_b0p3_c0p25/panel_summary.json
filtered,250000,r1_z2_b0p3_c0p25,constant_k3,cell,64,32,0.90625,0.90625,0.96875,85.88641386401747,0.8706285399446894,0.6089474441902094,0.9268514236321673,/mnt/lustre/users/kiarash-eitgbi/code/hierarchical-kaveh-runs/atom4-latent-filtered-all16-400k/b81485f257299928492ebc38a31e0eccb477fb02/recovery-esmfold-v2/esmfold/step0250000/r1_z2_b0p3_c0p25/panel_summary.json
filtered,250000,r1_z2_b0p3_c0p25,constant_k3,cell,96,32,0.1875,0.21875,0.40625,62.61590746401375,3.250024781977825,2.4180375334336985,0.727289573551415,/mnt/lustre/users/kiarash-eitgbi/code/hierarchical-kaveh-runs/atom4-latent-filtered-all16-400k/b81485f257299928492ebc38a31e0eccb477fb02/recovery-esmfold-v2/esmfold/step0250000/r1_z2_b0p3_c0p25/panel_summary.json
filtered,250000,r1_z2_b0p3_c0p25,constant_k3,cell,128,32,0.03125,0.03125,0.1875,60.384487801359015,5.480532971206947,3.9615464124430115,0.6831665299902945,/mnt/lustre/users/kiarash-eitgbi/code/hierarchical-kaveh-runs/atom4-latent-filtered-all16-400k/b81485f257299928492ebc38a31e0eccb477fb02/recovery-esmfold-v2/esmfold/step0250000/r1_z2_b0p3_c0p25/panel_summary.json
filtered,250000,r1_z3_b0p01_c0p125,constant_k3,aggregate,all,96,0.3854166666666667,0.3958333333333333,0.5,69.99987575424404,2.792453020146908,2.024437292937442,0.7847938160083383,/mnt/lustre/users/kiarash-eitgbi/code/hierarchical-kaveh-runs/atom4-latent-filtered-all16-400k/b81485f257299928492ebc38a31e0eccb477fb02/recovery-esmfold-v2/esmfold/step0250000/r1_z3_b0p01_c0p125/panel_summary.json
filtered,250000,r1_z3_b0p01_c0p125,constant_k3,cell,64,32,0.96875,0.96875,1.0,83.39077761405576,0.8256870854729031,0.7655269264497407,0.9333023707093309,/mnt/lustre/users/kiarash-eitgbi/code/hierarchical-kaveh-runs/atom4-latent-filtered-all16-400k/b81485f257299928492ebc38a31e0eccb477fb02/recovery-esmfold-v2/esmfold/step0250000/r1_z3_b0p01_c0p125/panel_summary.json
filtered,250000,r1_z3_b0p01_c0p125,constant_k3,cell,96,32,0.09375,0.09375,0.1875,60.66992838123394,3.899159122224954,3.010221447220885,0.6756287319590373,/mnt/lustre/users/kiarash-eitgbi/code/hierarchical-kaveh-runs/atom4-latent-filtered-all16-400k/b81485f257299928492ebc38a31e0eccb477fb02/recovery-esmfold-v2/esmfold/step0250000/r1_z3_b0p01_c0p125/panel_summary.json
filtered,250000,r1_z3_b0p01_c0p125,constant_k3,cell,128,32,0.09375,0.125,0.3125,65.93892126744242,3.652512852742866,2.625904325558051,0.7454503453566469,/mnt/lustre/users/kiarash-eitgbi/code/hierarchical-kaveh-runs/atom4-latent-filtered-all16-400k/b81485f257299928492ebc38a31e0eccb477fb02/recovery-esmfold-v2/esmfold/step0250000/r1_z3_b0p01_c0p125/panel_summary.json
filtered,250000,r1_z4_b0p3_c0p5,constant_k3,aggregate,all,96,0.3333333333333333,0.34375,0.3854166666666667,61.198409514146086,4.589532450742775,2.7277325488896977,0.6859597301789501,/mnt/lustre/users/kiarash-eitgbi/code/hierarchical-kaveh-runs/atom4-latent-filtered-all16-400k/b81485f257299928492ebc38a31e0eccb477fb02/recovery-esmfold-v2/esmfold/step0250000/r1_z4_b0p3_c0p5/panel_summary.json
filtered,250000,r1_z4_b0p3_c0p5,constant_k3,cell,64,32,0.9375,0.9375,1.0,83.50474840567271,0.7127921377075572,0.6767518455313305,0.9482763171615658,/mnt/lustre/users/kiarash-eitgbi/code/hierarchical-kaveh-runs/atom4-latent-filtered-all16-400k/b81485f257299928492ebc38a31e0eccb477fb02/recovery-esmfold-v2/esmfold/step0250000/r1_z4_b0p3_c0p5/panel_summary.json
filtered,250000,r1_z4_b0p3_c0p5,constant_k3,cell,96,32,0.0625,0.09375,0.15625,56.77652132462181,5.217978632945682,3.5447314966322656,0.6170389092852342,/mnt/lustre/users/kiarash-eitgbi/code/hierarchical-kaveh-runs/atom4-latent-filtered-all16-400k/b81485f257299928492ebc38a31e0eccb477fb02/recovery-esmfold-v2/esmfold/step0250000/r1_z4_b0p3_c0p5/panel_summary.json
filtered,250000,r1_z4_b0p3_c0p5,constant_k3,cell,128,32,0.0,0.0,0.0,43.31395881214373,7.837826581575086,6.871947998791052,0.4925639640900502,/mnt/lustre/users/kiarash-eitgbi/code/hierarchical-kaveh-runs/atom4-latent-filtered-all16-400k/b81485f257299928492ebc38a31e0eccb477fb02/recovery-esmfold-v2/esmfold/step0250000/r1_z4_b0p3_c0p5/panel_summary.json
filtered,250000,r2_z2_b0p1_c0p125,constant_k3,aggregate,all,96,0.16666666666666666,0.16666666666666666,0.4583333333333333,64.20977970309771,3.757587896859994,2.1971158133822417,0.7140419359998802,/mnt/lustre/users/kiarash-eitgbi/code/hierarchical-kaveh-runs/atom4-latent-filtered-all16-400k/b81485f257299928492ebc38a31e0eccb477fb02/recovery-esmfold-v2/esmfold/step0250000/r2_z2_b0p1_c0p125/panel_summary.json
filtered,250000,r2_z2_b0p1_c0p125,constant_k3,cell,64,32,0.375,0.375,0.90625,77.99445367914998,1.376955727341114,0.9469524860235331,0.8672177168604038,/mnt/lustre/users/kiarash-eitgbi/code/hierarchical-kaveh-runs/atom4-latent-filtered-all16-400k/b81485f257299928492ebc38a31e0eccb477fb02/recovery-esmfold-v2/esmfold/step0250000/r2_z2_b0p1_c0p125/panel_summary.json
filtered,250000,r2_z2_b0p1_c0p125,constant_k3,cell,96,32,0.09375,0.09375,0.3125,60.85647298695466,3.997254110337084,2.6460989858154327,0.6560548884943503,/mnt/lustre/users/kiarash-eitgbi/code/hierarchical-kaveh-runs/atom4-latent-filtered-all16-400k/b81485f257299928492ebc38a31e0eccb477fb02/recovery-esmfold-v2/esmfold/step0250000/r2_z2_b0p1_c0p125/panel_summary.json
filtered,250000,r2_z2_b0p1_c0p125,constant_k3,cell,128,32,0.03125,0.03125,0.15625,53.77841244318853,5.898553852901784,4.803421789988384,0.6188532026448867,/mnt/lustre/users/kiarash-eitgbi/code/hierarchical-kaveh-runs/atom4-latent-filtered-all16-400k/b81485f257299928492ebc38a31e0eccb477fb02/recovery-esmfold-v2/esmfold/step0250000/r2_z2_b0p1_c0p125/panel_summary.json
filtered,250000,r2_z4_b0p03_c0p25,constant_k3,aggregate,all,96,0.09375,0.09375,0.46875,64.16237771854787,3.3933897660721204,2.090438469746484,0.7439767639745435,/mnt/lustre/users/kiarash-eitgbi/code/hierarchical-kaveh-runs/atom4-latent-filtered-all16-400k/b81485f257299928492ebc38a31e0eccb477fb02/recovery-esmfold-v2/esmfold/step0250000/r2_z4_b0p03_c0p25/panel_summary.json
filtered,250000,r2_z4_b0p03_c0p25,constant_k3,cell,64,32,0.09375,0.09375,0.90625,74.49843600787962,1.5036722633888644,1.1600792083573952,0.8494645556050965,/mnt/lustre/users/kiarash-eitgbi/code/hierarchical-kaveh-runs/atom4-latent-filtered-all16-400k/b81485f257299928492ebc38a31e0eccb477fb02/recovery-esmfold-v2/esmfold/step0250000/r2_z4_b0p03_c0p25/panel_summary.json
filtered,250000,r2_z4_b0p03_c0p25,constant_k3,cell,96,32,0.15625,0.15625,0.34375,61.75753630625174,4.209172416623576,2.484713994879956,0.6666939456881071,/mnt/lustre/users/kiarash-eitgbi/code/hierarchical-kaveh-runs/atom4-latent-filtered-all16-400k/b81485f257299928492ebc38a31e0eccb477fb02/recovery-esmfold-v2/esmfold/step0250000/r2_z4_b0p03_c0p25/panel_summary.json
filtered,250000,r2_z4_b0p03_c0p25,constant_k3,cell,128,32,0.03125,0.03125,0.15625,56.23116084151227,4.4673246182039215,2.7880352963905985,0.7157717906304266,/mnt/lustre/users/kiarash-eitgbi/code/hierarchical-kaveh-runs/atom4-latent-filtered-all16-400k/b81485f257299928492ebc38a31e0eccb477fb02/recovery-esmfold-v2/esmfold/step0250000/r2_z4_b0p03_c0p25/panel_summary.json
filtered,300000,r0_large_z4_b0p01_c0p25,constant_k3,aggregate,all,96,0.3229166666666667,0.3333333333333333,0.46875,63.6034473772636,4.184123430716796,2.1496987535538485,0.7050027659261717,/mnt/lustre/users/kiarash-eitgbi/code/hierarchical-kaveh-runs/atom4-latent-filtered-all16-400k/b81485f257299928492ebc38a31e0eccb477fb02/recovery-esmfold-v2/esmfold/step0300000/r0_large_z4_b0p01_c0p25/panel_summary.json
filtered,300000,r0_large_z4_b0p01_c0p25,constant_k3,cell,64,32,0.84375,0.84375,1.0,82.7752316795308,0.8810727920741104,0.8561620694832945,0.9155410367056832,/mnt/lustre/users/kiarash-eitgbi/code/hierarchical-kaveh-runs/atom4-latent-filtered-all16-400k/b81485f257299928492ebc38a31e0eccb477fb02/recovery-esmfold-v2/esmfold/step0300000/r0_large_z4_b0p01_c0p25/panel_summary.json
filtered,300000,r0_large_z4_b0p01_c0p25,constant_k3,cell,96,32,0.125,0.15625,0.28125,59.89639154192538,4.028161932204725,2.9395909598794727,0.688057233686455,/mnt/lustre/users/kiarash-eitgbi/code/hierarchical-kaveh-runs/atom4-latent-filtered-all16-400k/b81485f257299928492ebc38a31e0eccb477fb02/recovery-esmfold-v2/esmfold/step0300000/r0_large_z4_b0p01_c0p25/panel_summary.json
filtered,300000,r0_large_z4_b0p01_c0p25,constant_k3,cell,128,32,0.0,0.0,0.125,48.13871891033461,7.643135567871556,6.815734600190706,0.5114100273863773,/mnt/lustre/users/kiarash-eitgbi/code/hierarchical-kaveh-runs/atom4-latent-filtered-all16-400k/b81485f257299928492ebc38a31e0eccb477fb02/recovery-esmfold-v2/esmfold/step0300000/r0_large_z4_b0p01_c0p25/panel_summary.json
filtered,300000,r0_large_z8_b0p01_c0p125,constant_k3,aggregate,all,96,0.28125,0.3020833333333333,0.5729166666666666,68.14911423944015,3.5041281425734567,1.7839201473439026,0.7509459087118291,/mnt/lustre/users/kiarash-eitgbi/code/hierarchical-kaveh-runs/atom4-latent-filtered-all16-400k/b81485f257299928492ebc38a31e0eccb477fb02/recovery-esmfold-v2/esmfold/step0300000/r0_large_z8_b0p01_c0p125/panel_summary.json
filtered,300000,r0_large_z8_b0p01_c0p125,constant_k3,cell,64,32,0.65625,0.6875,0.96875,81.44128011155925,0.9055603737825676,0.8088747376962941,0.9184764496279402,/mnt/lustre/users/kiarash-eitgbi/code/hierarchical-kaveh-runs/atom4-latent-filtered-all16-400k/b81485f257299928492ebc38a31e0eccb477fb02/recovery-esmfold-v2/esmfold/step0300000/r0_large_z8_b0p01_c0p125/panel_summary.json
filtered,300000,r0_large_z8_b0p01_c0p125,constant_k3,cell,96,32,0.1875,0.21875,0.53125,68.91651654146106,3.031453260288048,1.9925941375184624,0.7617288316209556,/mnt/lustre/users/kiarash-eitgbi/code/hierarchical-kaveh-runs/atom4-latent-filtered-all16-400k/b81485f257299928492ebc38a31e0eccb477fb02/recovery-esmfold-v2/esmfold/step0300000/r0_large_z8_b0p01_c0p125/panel_summary.json
filtered,300000,r0_large_z8_b0p01_c0p125,constant_k3,cell,128,32,0.0,0.0,0.21875,54.08954606530014,6.575370793649753,5.393844103818184,0.5726324448865912,/mnt/lustre/users/kiarash-eitgbi/code/hierarchical-kaveh-runs/atom4-latent-filtered-all16-400k/b81485f257299928492ebc38a31e0eccb477fb02/recovery-esmfold-v2/esmfold/step0300000/r0_large_z8_b0p01_c0p125/panel_summary.json
filtered,300000,r0_z2_b0p1_c0,constant_k3,aggregate,all,96,0.3958333333333333,0.40625,0.6354166666666666,73.20979112655357,2.307952531677868,1.3018879051432957,0.8311510082147504,/mnt/lustre/users/kiarash-eitgbi/code/hierarchical-kaveh-runs/atom4-latent-filtered-all16-400k/b81485f257299928492ebc38a31e0eccb477fb02/recovery-esmfold-v2/esmfold/step0300000/r0_z2_b0p1_c0/panel_summary.json
filtered,300000,r0_z2_b0p1_c0,constant_k3,cell,64,32,0.65625,0.65625,0.96875,81.28669723422749,0.8825212195268421,0.6986583537281384,0.9192287485282198,/mnt/lustre/users/kiarash-eitgbi/code/hierarchical-kaveh-runs/atom4-latent-filtered-all16-400k/b81485f257299928492ebc38a31e0eccb477fb02/recovery-esmfold-v2/esmfold/step0300000/r0_z2_b0p1_c0/panel_summary.json
filtered,300000,r0_z2_b0p1_c0,constant_k3,cell,96,32,0.34375,0.34375,0.625,71.86395377136571,2.2625422609761223,1.393753248869261,0.8170249484059906,/mnt/lustre/users/kiarash-eitgbi/code/hierarchical-kaveh-runs/atom4-latent-filtered-all16-400k/b81485f257299928492ebc38a31e0eccb477fb02/recovery-esmfold-v2/esmfold/step0300000/r0_z2_b0p1_c0/panel_summary.json
filtered,300000,r0_z2_b0p1_c0,constant_k3,cell,128,32,0.1875,0.21875,0.3125,66.4787223740675,3.7787941145306387,2.6542392704588185,0.757199327710041,/mnt/lustre/users/kiarash-eitgbi/code/hierarchical-kaveh-runs/atom4-latent-filtered-all16-400k/b81485f257299928492ebc38a31e0eccb477fb02/recovery-esmfold-v2/esmfold/step0300000/r0_z2_b0p1_c0/panel_summary.json
filtered,300000,r0_z3_b0p03_c0p5,constant_k3,aggregate,all,96,0.11458333333333333,0.125,0.4479166666666667,62.892705158867834,3.4673021373302326,2.228684285306678,0.7318900404651562,/mnt/lustre/users/kiarash-eitgbi/code/hierarchical-kaveh-runs/atom4-latent-filtered-all16-400k/b81485f257299928492ebc38a31e0eccb477fb02/recovery-esmfold-v2/esmfold/step0300000/r0_z3_b0p03_c0p5/panel_summary.json
filtered,300000,r0_z3_b0p03_c0p5,constant_k3,cell,64,32,0.25,0.25,0.9375,74.91724658567146,1.298900848823615,1.0104379838837505,0.8707457144963582,/mnt/lustre/users/kiarash-eitgbi/code/hierarchical-kaveh-runs/atom4-latent-filtered-all16-400k/b81485f257299928492ebc38a31e0eccb477fb02/recovery-esmfold-v2/esmfold/step0300000/r0_z3_b0p03_c0p5/panel_summary.json
filtered,300000,r0_z3_b0p03_c0p5,constant_k3,cell,96,32,0.09375,0.125,0.25,60.07645559688567,4.368778607289968,3.148664105248889,0.6474468149937406,/mnt/lustre/users/kiarash-eitgbi/code/hierarchical-kaveh-runs/atom4-latent-filtered-all16-400k/b81485f257299928492ebc38a31e0eccb477fb02/recovery-esmfold-v2/esmfold/step0300000/r0_z3_b0p03_c0p5/panel_summary.json
filtered,300000,r0_z3_b0p03_c0p5,constant_k3,cell,128,32,0.0,0.0,0.15625,53.68441329404636,4.734226955877117,3.091888505243833,0.67747759190537,/mnt/lustre/users/kiarash-eitgbi/code/hierarchical-kaveh-runs/atom4-latent-filtered-all16-400k/b81485f257299928492ebc38a31e0eccb477fb02/recovery-esmfold-v2/esmfold/step0300000/r0_z3_b0p03_c0p5/panel_summary.json
filtered,300000,r0_z3_b0p3_c0p125,constant_k3,aggregate,all,96,0.19791666666666666,0.19791666666666666,0.46875,60.74253553737029,4.430931930480532,2.3866127908571997,0.6907436607831866,/mnt/lustre/users/kiarash-eitgbi/code/hierarchical-kaveh-runs/atom4-latent-filtered-all16-400k/b81485f257299928492ebc38a31e0eccb477fb02/recovery-esmfold-v2/esmfold/step0300000/r0_z3_b0p3_c0p125/panel_summary.json
filtered,300000,r0_z3_b0p3_c0p125,constant_k3,cell,64,32,0.53125,0.53125,0.96875,78.52129631349365,0.9956583255928474,0.8136703844496916,0.9104524863369283,/mnt/lustre/users/kiarash-eitgbi/code/hierarchical-kaveh-runs/atom4-latent-filtered-all16-400k/b81485f257299928492ebc38a31e0eccb477fb02/recovery-esmfold-v2/esmfold/step0300000/r0_z3_b0p3_c0p125/panel_summary.json
filtered,300000,r0_z3_b0p3_c0p125,constant_k3,cell,96,32,0.0625,0.0625,0.375,56.25602962755025,4.939881689270582,3.2551940836396174,0.6153627705006726,/mnt/lustre/users/kiarash-eitgbi/code/hierarchical-kaveh-runs/atom4-latent-filtered-all16-400k/b81485f257299928492ebc38a31e0eccb477fb02/recovery-esmfold-v2/esmfold/step0300000/r0_z3_b0p3_c0p125/panel_summary.json
filtered,300000,r0_z3_b0p3_c0p125,constant_k3,cell,128,32,0.0,0.0,0.0625,47.45028067106698,7.3572557765781665,6.410375509831283,0.5464157255119593,/mnt/lustre/users/kiarash-eitgbi/code/hierarchical-kaveh-runs/atom4-latent-filtered-all16-400k/b81485f257299928492ebc38a31e0eccb477fb02/recovery-esmfold-v2/esmfold/step0300000/r0_z3_b0p3_c0p125/panel_summary.json
filtered,300000,r0_z5_b0p03_c0,constant_k3,aggregate,all,96,0.2708333333333333,0.2916666666666667,0.5104166666666666,65.34810916208711,3.3603560008428435,1.976593127797473,0.740895275406281,/mnt/lustre/users/kiarash-eitgbi/code/hierarchical-kaveh-runs/atom4-latent-filtered-all16-400k/b81485f257299928492ebc38a31e0eccb477fb02/recovery-esmfold-v2/esmfold/step0300000/r0_z5_b0p03_c0/panel_summary.json
filtered,300000,r0_z5_b0p03_c0,constant_k3,cell,64,32,0.625,0.65625,0.9375,81.96241594580985,1.393016381449816,1.2707673148774195,0.8630564594994082,/mnt/lustre/users/kiarash-eitgbi/code/hierarchical-kaveh-runs/atom4-latent-filtered-all16-400k/b81485f257299928492ebc38a31e0eccb477fb02/recovery-esmfold-v2/esmfold/step0300000/r0_z5_b0p03_c0/panel_summary.json
filtered,300000,r0_z5_b0p03_c0,constant_k3,cell,96,32,0.125,0.15625,0.34375,59.01739097996002,3.7868396390513563,2.530769514094571,0.6778769928793547,/mnt/lustre/users/kiarash-eitgbi/code/hierarchical-kaveh-runs/atom4-latent-filtered-all16-400k/b81485f257299928492ebc38a31e0eccb477fb02/recovery-esmfold-v2/esmfold/step0300000/r0_z5_b0p03_c0/panel_summary.json
filtered,300000,r0_z5_b0p03_c0,constant_k3,cell,128,32,0.0625,0.0625,0.25,55.06452056049148,4.901211982027356,2.5836466378265195,0.6817523738400798,/mnt/lustre/users/kiarash-eitgbi/code/hierarchical-kaveh-runs/atom4-latent-filtered-all16-400k/b81485f257299928492ebc38a31e0eccb477fb02/recovery-esmfold-v2/esmfold/step0300000/r0_z5_b0p03_c0/panel_summary.json
filtered,300000,r1_z2_b0p3_c0p25,constant_k3,aggregate,all,96,0.3229166666666667,0.34375,0.5208333333333334,67.57461264638847,3.992660632470587,1.892701778679992,0.713632023805268,/mnt/lustre/users/kiarash-eitgbi/code/hierarchical-kaveh-runs/atom4-latent-filtered-all16-400k/b81485f257299928492ebc38a31e0eccb477fb02/recovery-esmfold-v2/esmfold/step0300000/r1_z2_b0p3_c0p25/panel_summary.json
filtered,300000,r1_z2_b0p3_c0p25,constant_k3,cell,64,32,0.84375,0.84375,0.96875,83.93781105315898,1.1626769280294518,0.7207308736665299,0.9050085902389688,/mnt/lustre/users/kiarash-eitgbi/code/hierarchical-kaveh-runs/atom4-latent-filtered-all16-400k/b81485f257299928492ebc38a31e0eccb477fb02/recovery-esmfold-v2/esmfold/step0300000/r1_z2_b0p3_c0p25/panel_summary.json
filtered,300000,r1_z2_b0p3_c0p25,constant_k3,cell,96,32,0.0625,0.125,0.34375,60.45438722312679,4.742463768076672,2.811570861778404,0.6374372551097649,/mnt/lustre/users/kiarash-eitgbi/code/hierarchical-kaveh-runs/atom4-latent-filtered-all16-400k/b81485f257299928492ebc38a31e0eccb477fb02/recovery-esmfold-v2/esmfold/step0300000/r1_z2_b0p3_c0p25/panel_summary.json
filtered,300000,r1_z2_b0p3_c0p25,constant_k3,cell,128,32,0.0625,0.0625,0.25,58.331639662879624,6.0728412013056365,4.128242270394807,0.5984502260670705,/mnt/lustre/users/kiarash-eitgbi/code/hierarchical-kaveh-runs/atom4-latent-filtered-all16-400k/b81485f257299928492ebc38a31e0eccb477fb02/recovery-esmfold-v2/esmfold/step0300000/r1_z2_b0p3_c0p25/panel_summary.json
filtered,300000,r1_z3_b0p01_c0p125,constant_k3,aggregate,all,96,0.07291666666666667,0.07291666666666667,0.5104166666666666,65.65006901161455,2.9516674599661425,1.9497171456036417,0.7732711892726464,/mnt/lustre/users/kiarash-eitgbi/code/hierarchical-kaveh-runs/atom4-latent-filtered-all16-400k/b81485f257299928492ebc38a31e0eccb477fb02/recovery-esmfold-v2/esmfold/step0300000/r1_z3_b0p01_c0p125/panel_summary.json
filtered,300000,r1_z3_b0p01_c0p125,constant_k3,cell,64,32,0.09375,0.09375,0.96875,75.97389578391574,0.9830884361510097,0.8739670185582176,0.9080138345485844,/mnt/lustre/users/kiarash-eitgbi/code/hierarchical-kaveh-runs/atom4-latent-filtered-all16-400k/b81485f257299928492ebc38a31e0eccb477fb02/recovery-esmfold-v2/esmfold/step0300000/r1_z3_b0p01_c0p125/panel_summary.json
filtered,300000,r1_z3_b0p01_c0p125,constant_k3,cell,96,32,0.09375,0.09375,0.25,61.609180653789934,3.7590268057629386,2.8109267688917177,0.6884613943580464,/mnt/lustre/users/kiarash-eitgbi/code/hierarchical-kaveh-runs/atom4-latent-filtered-all16-400k/b81485f257299928492ebc38a31e0eccb477fb02/recovery-esmfold-v2/esmfold/step0300000/r1_z3_b0p01_c0p125/panel_summary.json
filtered,300000,r1_z3_b0p01_c0p125,constant_k3,cell,128,32,0.03125,0.03125,0.3125,59.36713059713797,4.1128871379844805,2.9507805466214947,0.7233383389113082,/mnt/lustre/users/kiarash-eitgbi/code/hierarchical-kaveh-runs/atom4-latent-filtered-all16-400k/b81485f257299928492ebc38a31e0eccb477fb02/recovery-esmfold-v2/esmfold/step0300000/r1_z3_b0p01_c0p125/panel_summary.json
filtered,300000,r1_z4_b0p3_c0p5,constant_k3,aggregate,all,96,0.34375,0.34375,0.46875,63.28630021771784,4.948235991824116,2.9101498180432497,0.6724766203107512,/mnt/lustre/users/kiarash-eitgbi/code/hierarchical-kaveh-runs/atom4-latent-filtered-all16-400k/b81485f257299928492ebc38a31e0eccb477fb02/recovery-esmfold-v2/esmfold/step0300000/r1_z4_b0p3_c0p5/panel_summary.json
filtered,300000,r1_z4_b0p3_c0p5,constant_k3,cell,64,32,0.84375,0.84375,1.0,82.28793787177437,0.9255491090346386,0.9813786016033896,0.922280758707274,/mnt/lustre/users/kiarash-eitgbi/code/hierarchical-kaveh-runs/atom4-latent-filtered-all16-400k/b81485f257299928492ebc38a31e0eccb477fb02/recovery-esmfold-v2/esmfold/step0300000/r1_z4_b0p3_c0p5/panel_summary.json
filtered,300000,r1_z4_b0p3_c0p5,constant_k3,cell,96,32,0.1875,0.1875,0.40625,61.17963872566864,4.8608110981300126,2.9101498180432497,0.6472149953513067,/mnt/lustre/users/kiarash-eitgbi/code/hierarchical-kaveh-runs/atom4-latent-filtered-all16-400k/b81485f257299928492ebc38a31e0eccb477fb02/recovery-esmfold-v2/esmfold/step0300000/r1_z4_b0p3_c0p5/panel_summary.json
filtered,300000,r1_z4_b0p3_c0p5,constant_k3,cell,128,32,0.0,0.0,0.0,46.39132405571047,9.058347768307694,8.058936596908204,0.44793410687367285,/mnt/lustre/users/kiarash-eitgbi/code/hierarchical-kaveh-runs/atom4-latent-filtered-all16-400k/b81485f257299928492ebc38a31e0eccb477fb02/recovery-esmfold-v2/esmfold/step0300000/r1_z4_b0p3_c0p5/panel_summary.json
filtered,300000,r2_z2_b0p1_c0p125,constant_k3,aggregate,all,96,0.22916666666666666,0.22916666666666666,0.4166666666666667,65.88625706548994,3.4955643785945356,2.17672727804442,0.7498556952147212,/mnt/lustre/users/kiarash-eitgbi/code/hierarchical-kaveh-runs/atom4-latent-filtered-all16-400k/b81485f257299928492ebc38a31e0eccb477fb02/recovery-esmfold-v2/esmfold/step0300000/r2_z2_b0p1_c0p125/panel_summary.json
filtered,300000,r2_z2_b0p1_c0p125,constant_k3,cell,64,32,0.625,0.625,0.96875,80.81994889873971,0.8352009970659251,0.6966835422066651,0.9285043474726038,/mnt/lustre/users/kiarash-eitgbi/code/hierarchical-kaveh-runs/atom4-latent-filtered-all16-400k/b81485f257299928492ebc38a31e0eccb477fb02/recovery-esmfold-v2/esmfold/step0300000/r2_z2_b0p1_c0p125/panel_summary.json
filtered,300000,r2_z2_b0p1_c0p125,constant_k3,cell,96,32,0.03125,0.03125,0.15625,58.14120163369853,4.669912924077767,3.2743013197873427,0.6432051973594427,/mnt/lustre/users/kiarash-eitgbi/code/hierarchical-kaveh-runs/atom4-latent-filtered-all16-400k/b81485f257299928492ebc38a31e0eccb477fb02/recovery-esmfold-v2/esmfold/step0300000/r2_z2_b0p1_c0p125/panel_summary.json
filtered,300000,r2_z2_b0p1_c0p125,constant_k3,cell,128,32,0.03125,0.03125,0.125,58.697620664031575,4.981579214639915,3.774149257892593,0.6778575408121172,/mnt/lustre/users/kiarash-eitgbi/code/hierarchical-kaveh-runs/atom4-latent-filtered-all16-400k/b81485f257299928492ebc38a31e0eccb477fb02/recovery-esmfold-v2/esmfold/step0300000/r2_z2_b0p1_c0p125/panel_summary.json
filtered,300000,r2_z4_b0p03_c0p25,constant_k3,aggregate,all,96,0.3854166666666667,0.3958333333333333,0.5208333333333334,67.66563080786032,3.613224821310563,1.8220371058409996,0.7500417468531902,/mnt/lustre/users/kiarash-eitgbi/code/hierarchical-kaveh-runs/atom4-latent-filtered-all16-400k/b81485f257299928492ebc38a31e0eccb477fb02/recovery-esmfold-v2/esmfold/step0300000/r2_z4_b0p03_c0p25/panel_summary.json
filtered,300000,r2_z4_b0p03_c0p25,constant_k3,cell,64,32,0.96875,0.96875,1.0,85.39563372549411,0.7714491390295637,0.771123187073594,0.939496021749701,/mnt/lustre/users/kiarash-eitgbi/code/hierarchical-kaveh-runs/atom4-latent-filtered-all16-400k/b81485f257299928492ebc38a31e0eccb477fb02/recovery-esmfold-v2/esmfold/step0300000/r2_z4_b0p03_c0p25/panel_summary.json
filtered,300000,r2_z4_b0p03_c0p25,constant_k3,cell,96,32,0.15625,0.1875,0.34375,61.39377099301069,4.3213097483889396,2.69613476826575,0.6766607146222918,/mnt/lustre/users/kiarash-eitgbi/code/hierarchical-kaveh-runs/atom4-latent-filtered-all16-400k/b81485f257299928492ebc38a31e0eccb477fb02/recovery-esmfold-v2/esmfold/step0300000/r2_z4_b0p03_c0p25/panel_summary.json
filtered,300000,r2_z4_b0p03_c0p25,constant_k3,cell,128,32,0.03125,0.03125,0.21875,56.20748770507619,5.746915576513185,3.6471652422851983,0.6339685041875779,/mnt/lustre/users/kiarash-eitgbi/code/hierarchical-kaveh-runs/atom4-latent-filtered-all16-400k/b81485f257299928492ebc38a31e0eccb477fb02/recovery-esmfold-v2/esmfold/step0300000/r2_z4_b0p03_c0p25/panel_summary.json
filtered,350000,r0_large_z4_b0p01_c0p25,constant_k3,aggregate,all,96,0.3333333333333333,0.34375,0.4375,65.36421520743932,3.982803623648928,2.2526183856472666,0.7046801196047405,/mnt/lustre/users/kiarash-eitgbi/code/hierarchical-kaveh-runs/atom4-latent-filtered-all16-400k/b81485f257299928492ebc38a31e0eccb477fb02/recovery-esmfold-v2/esmfold/step0350000/r0_large_z4_b0p01_c0p25/panel_summary.json
filtered,350000,r0_large_z4_b0p01_c0p25,constant_k3,cell,64,32,0.84375,0.84375,0.96875,83.4386721687913,1.0449886201806011,0.9514053847180817,0.9153115812187462,/mnt/lustre/users/kiarash-eitgbi/code/hierarchical-kaveh-runs/atom4-latent-filtered-all16-400k/b81485f257299928492ebc38a31e0eccb477fb02/recovery-esmfold-v2/esmfold/step0350000/r0_large_z4_b0p01_c0p25/panel_summary.json
filtered,350000,r0_large_z4_b0p01_c0p25,constant_k3,cell,96,32,0.09375,0.125,0.125,56.877865966646134,5.218819832947683,3.5096748987072637,0.5851784797469258,/mnt/lustre/users/kiarash-eitgbi/code/hierarchical-kaveh-runs/atom4-latent-filtered-all16-400k/b81485f257299928492ebc38a31e0eccb477fb02/recovery-esmfold-v2/esmfold/step0350000/r0_large_z4_b0p01_c0p25/panel_summary.json
filtered,350000,r0_large_z4_b0p01_c0p25,constant_k3,cell,128,32,0.0625,0.0625,0.21875,55.77610748688052,5.6846024178185015,3.356639087883215,0.6135502978485498,/mnt/lustre/users/kiarash-eitgbi/code/hierarchical-kaveh-runs/atom4-latent-filtered-all16-400k/b81485f257299928492ebc38a31e0eccb477fb02/recovery-esmfold-v2/esmfold/step0350000/r0_large_z4_b0p01_c0p25/panel_summary.json
filtered,350000,r0_large_z8_b0p01_c0p125,constant_k3,aggregate,all,96,0.15625,0.15625,0.4791666666666667,64.09273171308047,3.6379736571258263,2.049303281374571,0.7352214748453917,/mnt/lustre/users/kiarash-eitgbi/code/hierarchical-kaveh-runs/atom4-latent-filtered-all16-400k/b81485f257299928492ebc38a31e0eccb477fb02/recovery-esmfold-v2/esmfold/step0350000/r0_large_z8_b0p01_c0p125/panel_summary.json
filtered,350000,r0_large_z8_b0p01_c0p125,constant_k3,cell,64,32,0.28125,0.28125,0.96875,77.69175186756729,1.0959714406116345,0.8826470192372865,0.8970499289909935,/mnt/lustre/users/kiarash-eitgbi/code/hierarchical-kaveh-runs/atom4-latent-filtered-all16-400k/b81485f257299928492ebc38a31e0eccb477fb02/recovery-esmfold-v2/esmfold/step0350000/r0_large_z8_b0p01_c0p125/panel_summary.json
filtered,350000,r0_large_z8_b0p01_c0p125,constant_k3,cell,96,32,0.125,0.125,0.3125,60.447937782094506,4.429798367129958,2.822587250090346,0.6640124075415983,/mnt/lustre/users/kiarash-eitgbi/code/hierarchical-kaveh-runs/atom4-latent-filtered-all16-400k/b81485f257299928492ebc38a31e0eccb477fb02/recovery-esmfold-v2/esmfold/step0350000/r0_large_z8_b0p01_c0p125/panel_summary.json
filtered,350000,r0_large_z8_b0p01_c0p125,constant_k3,cell,128,32,0.0625,0.0625,0.15625,54.13850548957963,5.388151163635887,3.944582492406606,0.6446020880035833,/mnt/lustre/users/kiarash-eitgbi/code/hierarchical-kaveh-runs/atom4-latent-filtered-all16-400k/b81485f257299928492ebc38a31e0eccb477fb02/recovery-esmfold-v2/esmfold/step0350000/r0_large_z8_b0p01_c0p125/panel_summary.json
filtered,350000,r0_z2_b0p1_c0,constant_k3,aggregate,all,96,0.3020833333333333,0.3333333333333333,0.6354166666666666,70.8015172691784,2.902780859884682,1.5412793312522945,0.8022146810607028,/mnt/lustre/users/kiarash-eitgbi/code/hierarchical-kaveh-runs/atom4-latent-filtered-all16-400k/b81485f257299928492ebc38a31e0eccb477fb02/recovery-esmfold-v2/esmfold/step0350000/r0_z2_b0p1_c0/panel_summary.json
filtered,350000,r0_z2_b0p1_c0,constant_k3,cell,64,32,0.71875,0.71875,1.0,82.97077837422825,0.6132184718863696,0.5582648227618817,0.9550112804030567,/mnt/lustre/users/kiarash-eitgbi/code/hierarchical-kaveh-runs/atom4-latent-filtered-all16-400k/b81485f257299928492ebc38a31e0eccb477fb02/recovery-esmfold-v2/esmfold/step0350000/r0_z2_b0p1_c0/panel_summary.json
filtered,350000,r0_z2_b0p1_c0,constant_k3,cell,96,32,0.15625,0.1875,0.5625,68.22341600596468,2.696839742615439,1.8895807502104764,0.79345375983062,/mnt/lustre/users/kiarash-eitgbi/code/hierarchical-kaveh-runs/atom4-latent-filtered-all16-400k/b81485f257299928492ebc38a31e0eccb477fb02/recovery-esmfold-v2/esmfold/step0350000/r0_z2_b0p1_c0/panel_summary.json
filtered,350000,r0_z2_b0p1_c0,constant_k3,cell,128,32,0.03125,0.09375,0.34375,61.21035742734228,5.398284365152236,2.7227535824069173,0.658179002948432,/mnt/lustre/users/kiarash-eitgbi/code/hierarchical-kaveh-runs/atom4-latent-filtered-all16-400k/b81485f257299928492ebc38a31e0eccb477fb02/recovery-esmfold-v2/esmfold/step0350000/r0_z2_b0p1_c0/panel_summary.json
filtered,350000,r0_z3_b0p03_c0p5,constant_k3,aggregate,all,96,0.125,0.13541666666666666,0.40625,61.8048007331923,4.5393116729825165,2.6598619731453397,0.6728551406047704,/mnt/lustre/users/kiarash-eitgbi/code/hierarchical-kaveh-runs/atom4-latent-filtered-all16-400k/b81485f257299928492ebc38a31e0eccb477fb02/recovery-esmfold-v2/esmfold/step0350000/r0_z3_b0p03_c0p5/panel_summary.json
filtered,350000,r0_z3_b0p03_c0p5,constant_k3,cell,64,32,0.1875,0.1875,0.875,73.46606634900722,1.9222748158774017,1.1259311960721037,0.8206662392999389,/mnt/lustre/users/kiarash-eitgbi/code/hierarchical-kaveh-runs/atom4-latent-filtered-all16-400k/b81485f257299928492ebc38a31e0eccb477fb02/recovery-esmfold-v2/esmfold/step0350000/r0_z3_b0p03_c0p5/panel_summary.json
filtered,350000,r0_z3_b0p03_c0p5,constant_k3,cell,96,32,0.15625,0.1875,0.25,59.19552107574647,5.14147344378892,3.522865029151995,0.6361603595047263,/mnt/lustre/users/kiarash-eitgbi/code/hierarchical-kaveh-runs/atom4-latent-filtered-all16-400k/b81485f257299928492ebc38a31e0eccb477fb02/recovery-esmfold-v2/esmfold/step0350000/r0_z3_b0p03_c0p5/panel_summary.json
filtered,350000,r0_z3_b0p03_c0p5,constant_k3,cell,128,32,0.03125,0.03125,0.09375,52.75281477482322,6.554186759281226,5.371192075401766,0.5617388230096461,/mnt/lustre/users/kiarash-eitgbi/code/hierarchical-kaveh-runs/atom4-latent-filtered-all16-400k/b81485f257299928492ebc38a31e0eccb477fb02/recovery-esmfold-v2/esmfold/step0350000/r0_z3_b0p03_c0p5/panel_summary.json
filtered,350000,r0_z3_b0p3_c0p125,constant_k3,aggregate,all,96,0.17708333333333334,0.1875,0.4166666666666667,62.545583845436944,4.400335781386466,3.020717376501449,0.6907521487136655,/mnt/lustre/users/kiarash-eitgbi/code/hierarchical-kaveh-runs/atom4-latent-filtered-all16-400k/b81485f257299928492ebc38a31e0eccb477fb02/recovery-esmfold-v2/esmfold/step0350000/r0_z3_b0p3_c0p125/panel_summary.json
filtered,350000,r0_z3_b0p3_c0p125,constant_k3,cell,64,32,0.40625,0.40625,0.96875,78.11286849170949,0.9065965512788957,0.7499381575904204,0.9185515141882339,/mnt/lustre/users/kiarash-eitgbi/code/hierarchical-kaveh-runs/atom4-latent-filtered-all16-400k/b81485f257299928492ebc38a31e0eccb477fb02/recovery-esmfold-v2/esmfold/step0350000/r0_z3_b0p3_c0p125/panel_summary.json
filtered,350000,r0_z3_b0p3_c0p125,constant_k3,cell,96,32,0.09375,0.125,0.21875,58.18238108369512,5.110447399225318,3.629357091629472,0.6075273191314647,/mnt/lustre/users/kiarash-eitgbi/code/hierarchical-kaveh-runs/atom4-latent-filtered-all16-400k/b81485f257299928492ebc38a31e0eccb477fb02/recovery-esmfold-v2/esmfold/step0350000/r0_z3_b0p3_c0p125/panel_summary.json
filtered,350000,r0_z3_b0p3_c0p125,constant_k3,cell,128,32,0.03125,0.03125,0.0625,51.34150196090624,7.183963393655185,4.682023079415966,0.5461776128212981,/mnt/lustre/users/kiarash-eitgbi/code/hierarchical-kaveh-runs/atom4-latent-filtered-all16-400k/b81485f257299928492ebc38a31e0eccb477fb02/recovery-esmfold-v2/esmfold/step0350000/r0_z3_b0p3_c0p125/panel_summary.json
filtered,350000,r1_z3_b0p01_c0p125,constant_k3,aggregate,all,96,0.16666666666666666,0.1875,0.5625,66.92578068552888,2.8998658517947375,1.7419165646200554,0.7896023888698841,/mnt/lustre/users/kiarash-eitgbi/code/hierarchical-kaveh-runs/atom4-latent-filtered-all16-400k/b81485f257299928492ebc38a31e0eccb477fb02/recovery-esmfold-v2/esmfold/step0350000/r1_z3_b0p01_c0p125/panel_summary.json
filtered,350000,r1_z3_b0p01_c0p125,constant_k3,cell,64,32,0.34375,0.34375,1.0,78.81471557661868,0.9021108571559429,0.8877745722234316,0.9174020041610711,/mnt/lustre/users/kiarash-eitgbi/code/hierarchical-kaveh-runs/atom4-latent-filtered-all16-400k/b81485f257299928492ebc38a31e0eccb477fb02/recovery-esmfold-v2/esmfold/step0350000/r1_z3_b0p01_c0p125/panel_summary.json
filtered,350000,r1_z3_b0p01_c0p125,constant_k3,cell,96,32,0.09375,0.125,0.40625,61.3771104245036,3.7580663052556336,2.3309604590596678,0.7059284728860604,/mnt/lustre/users/kiarash-eitgbi/code/hierarchical-kaveh-runs/atom4-latent-filtered-all16-400k/b81485f257299928492ebc38a31e0eccb477fb02/recovery-esmfold-v2/esmfold/step0350000/r1_z3_b0p01_c0p125/panel_summary.json
filtered,350000,r1_z3_b0p01_c0p125,constant_k3,cell,128,32,0.0625,0.09375,0.28125,60.58551605546437,4.0394203929726356,2.677510217464069,0.7454766895625202,/mnt/lustre/users/kiarash-eitgbi/code/hierarchical-kaveh-runs/atom4-latent-filtered-all16-400k/b81485f257299928492ebc38a31e0eccb477fb02/recovery-esmfold-v2/esmfold/step0350000/r1_z3_b0p01_c0p125/panel_summary.json
filtered,350000,r1_z4_b0p3_c0p5,constant_k3,aggregate,all,96,0.2708333333333333,0.28125,0.3958333333333333,61.33015525301272,5.415081025408846,3.0072583328784726,0.6394657952918333,/mnt/lustre/users/kiarash-eitgbi/code/hierarchical-kaveh-runs/atom4-latent-filtered-all16-400k/b81485f257299928492ebc38a31e0eccb477fb02/recovery-esmfold-v2/esmfold/step0350000/r1_z4_b0p3_c0p5/panel_summary.json
filtered,350000,r1_z4_b0p3_c0p5,constant_k3,cell,64,32,0.6875,0.6875,1.0,81.98919148456369,0.7805994898280574,0.7151896542839216,0.934953468382502,/mnt/lustre/users/kiarash-eitgbi/code/hierarchical-kaveh-runs/atom4-latent-filtered-all16-400k/b81485f257299928492ebc38a31e0eccb477fb02/recovery-esmfold-v2/esmfold/step0350000/r1_z4_b0p3_c0p5/panel_summary.json
filtered,350000,r1_z4_b0p3_c0p5,constant_k3,cell,96,32,0.125,0.15625,0.1875,54.55886759024661,7.421630444791186,5.9243774823813204,0.498457009062245,/mnt/lustre/users/kiarash-eitgbi/code/hierarchical-kaveh-runs/atom4-latent-filtered-all16-400k/b81485f257299928492ebc38a31e0eccb477fb02/recovery-esmfold-v2/esmfold/step0350000/r1_z4_b0p3_c0p5/panel_summary.json
filtered,350000,r1_z4_b0p3_c0p5,constant_k3,cell,128,32,0.0,0.0,0.0,47.44240668422786,8.043013141607297,5.903824953110014,0.4849869084307531,/mnt/lustre/users/kiarash-eitgbi/code/hierarchical-kaveh-runs/atom4-latent-filtered-all16-400k/b81485f257299928492ebc38a31e0eccb477fb02/recovery-esmfold-v2/esmfold/step0350000/r1_z4_b0p3_c0p5/panel_summary.json
filtered,350000,r2_z2_b0p1_c0p125,constant_k3,aggregate,all,96,0.3125,0.3229166666666667,0.4270833333333333,65.57984389990489,4.472565347451103,2.503568818085335,0.6884155465831875,/mnt/lustre/users/kiarash-eitgbi/code/hierarchical-kaveh-runs/atom4-latent-filtered-all16-400k/b81485f257299928492ebc38a31e0eccb477fb02/recovery-esmfold-v2/esmfold/step0350000/r2_z2_b0p1_c0p125/panel_summary.json
filtered,350000,r2_z2_b0p1_c0p125,constant_k3,cell,64,32,0.875,0.875,0.96875,84.81008687474429,0.7375234333083067,0.5526208541944118,0.9485107828610495,/mnt/lustre/users/kiarash-eitgbi/code/hierarchical-kaveh-runs/atom4-latent-filtered-all16-400k/b81485f257299928492ebc38a31e0eccb477fb02/recovery-esmfold-v2/esmfold/step0350000/r2_z2_b0p1_c0p125/panel_summary.json
filtered,350000,r2_z2_b0p1_c0p125,constant_k3,cell,96,32,0.0625,0.0625,0.1875,59.97343493898846,5.410357739574195,3.4401973567117548,0.5973079435962236,/mnt/lustre/users/kiarash-eitgbi/code/hierarchical-kaveh-runs/atom4-latent-filtered-all16-400k/b81485f257299928492ebc38a31e0eccb477fb02/recovery-esmfold-v2/esmfold/step0350000/r2_z2_b0p1_c0p125/panel_summary.json
filtered,350000,r2_z2_b0p1_c0p125,constant_k3,cell,128,32,0.0,0.03125,0.125,51.956009885981885,7.269814869470805,6.223676497554032,0.5194279132922892,/mnt/lustre/users/kiarash-eitgbi/code/hierarchical-kaveh-runs/atom4-latent-filtered-all16-400k/b81485f257299928492ebc38a31e0eccb477fb02/recovery-esmfold-v2/esmfold/step0350000/r2_z2_b0p1_c0p125/panel_summary.json
filtered,350000,r2_z4_b0p03_c0p25,constant_k3,aggregate,all,96,0.3229166666666667,0.34375,0.4791666666666667,64.37797038126334,3.9423575406151357,2.1867873546120618,0.7206739570352324,/mnt/lustre/users/kiarash-eitgbi/code/hierarchical-kaveh-runs/atom4-latent-filtered-all16-400k/b81485f257299928492ebc38a31e0eccb477fb02/recovery-esmfold-v2/esmfold/step0350000/r2_z4_b0p03_c0p25/panel_summary.json
filtered,350000,r2_z4_b0p03_c0p25,constant_k3,cell,64,32,0.75,0.78125,0.90625,82.26219413083044,1.0212519388349048,0.8259490935099569,0.9186885988188399,/mnt/lustre/users/kiarash-eitgbi/code/hierarchical-kaveh-runs/atom4-latent-filtered-all16-400k/b81485f257299928492ebc38a31e0eccb477fb02/recovery-esmfold-v2/esmfold/step0350000/r2_z4_b0p03_c0p25/panel_summary.json
filtered,350000,r2_z4_b0p03_c0p25,constant_k3,cell,96,32,0.21875,0.21875,0.375,60.3365720493016,4.455147624223353,3.2203117950799225,0.6464321479952013,/mnt/lustre/users/kiarash-eitgbi/code/hierarchical-kaveh-runs/atom4-latent-filtered-all16-400k/b81485f257299928492ebc38a31e0eccb477fb02/recovery-esmfold-v2/esmfold/step0350000/r2_z4_b0p03_c0p25/panel_summary.json
filtered,350000,r2_z4_b0p03_c0p25,constant_k3,cell,128,32,0.0,0.03125,0.15625,50.53514496365798,6.35067305878715,3.781603166608317,0.5969011242916558,/mnt/lustre/users/kiarash-eitgbi/code/hierarchical-kaveh-runs/atom4-latent-filtered-all16-400k/b81485f257299928492ebc38a31e0eccb477fb02/recovery-esmfold-v2/esmfold/step0350000/r2_z4_b0p03_c0p25/panel_summary.json
filtered,400000,r0_large_z4_b0p01_c0p25,constant_k3,aggregate,all,96,0.17708333333333334,0.17708333333333334,0.4270833333333333,61.29958628233277,4.558379240753754,2.5946209481953253,0.6665696404172173,/mnt/lustre/users/kiarash-eitgbi/code/hierarchical-kaveh-runs/atom4-latent-filtered-all16-400k/b81485f257299928492ebc38a31e0eccb477fb02/recovery-esmfold-v2/esmfold/step0400000/r0_large_z4_b0p01_c0p25/panel_summary.json
filtered,400000,r0_large_z4_b0p01_c0p25,constant_k3,cell,64,32,0.4375,0.4375,0.9375,77.60076988093338,1.2006002631592652,1.0948260979113908,0.8764320195121119,/mnt/lustre/users/kiarash-eitgbi/code/hierarchical-kaveh-runs/atom4-latent-filtered-all16-400k/b81485f257299928492ebc38a31e0eccb477fb02/recovery-esmfold-v2/esmfold/step0400000/r0_large_z4_b0p01_c0p25/panel_summary.json
filtered,400000,r0_large_z4_b0p01_c0p25,constant_k3,cell,96,32,0.03125,0.03125,0.21875,59.25439259698523,4.7025771496304,3.0993471799782193,0.6275871891544444,/mnt/lustre/users/kiarash-eitgbi/code/hierarchical-kaveh-runs/atom4-latent-filtered-all16-400k/b81485f257299928492ebc38a31e0eccb477fb02/recovery-esmfold-v2/esmfold/step0400000/r0_large_z4_b0p01_c0p25/panel_summary.json
filtered,400000,r0_large_z4_b0p01_c0p25,constant_k3,cell,128,32,0.0625,0.0625,0.125,47.043596369079665,7.771960309471595,7.859760531139569,0.4956897125850953,/mnt/lustre/users/kiarash-eitgbi/code/hierarchical-kaveh-runs/atom4-latent-filtered-all16-400k/b81485f257299928492ebc38a31e0eccb477fb02/recovery-esmfold-v2/esmfold/step0400000/r0_large_z4_b0p01_c0p25/panel_summary.json
filtered,400000,r0_large_z8_b0p01_c0p125,constant_k3,aggregate,all,96,0.09375,0.09375,0.4895833333333333,64.82611146003393,3.170448902107015,2.1009883759585644,0.7551243307014136,/mnt/lustre/users/kiarash-eitgbi/code/hierarchical-kaveh-runs/atom4-latent-filtered-all16-400k/b81485f257299928492ebc38a31e0eccb477fb02/recovery-esmfold-v2/esmfold/step0400000/r0_large_z8_b0p01_c0p125/panel_summary.json
filtered,400000,r0_large_z8_b0p01_c0p125,constant_k3,cell,64,32,0.1875,0.1875,0.9375,77.03048552412218,1.3303596538697757,0.9401936203608914,0.8706844409452064,/mnt/lustre/users/kiarash-eitgbi/code/hierarchical-kaveh-runs/atom4-latent-filtered-all16-400k/b81485f257299928492ebc38a31e0eccb477fb02/recovery-esmfold-v2/esmfold/step0400000/r0_large_z8_b0p01_c0p125/panel_summary.json
filtered,400000,r0_large_z8_b0p01_c0p125,constant_k3,cell,96,32,0.09375,0.09375,0.40625,61.19920419265342,2.954821402400043,2.486101615982559,0.747244979466424,/mnt/lustre/users/kiarash-eitgbi/code/hierarchical-kaveh-runs/atom4-latent-filtered-all16-400k/b81485f257299928492ebc38a31e0eccb477fb02/recovery-esmfold-v2/esmfold/step0400000/r0_large_z8_b0p01_c0p125/panel_summary.json
filtered,400000,r0_large_z8_b0p01_c0p125,constant_k3,cell,128,32,0.0,0.0,0.125,56.248644663326175,5.226165650051225,3.539856760750654,0.6474435716926101,/mnt/lustre/users/kiarash-eitgbi/code/hierarchical-kaveh-runs/atom4-latent-filtered-all16-400k/b81485f257299928492ebc38a31e0eccb477fb02/recovery-esmfold-v2/esmfold/step0400000/r0_large_z8_b0p01_c0p125/panel_summary.json
filtered,400000,r0_z3_b0p03_c0p5,constant_k3,aggregate,all,96,0.1875,0.1875,0.4270833333333333,62.54318658407022,4.274424336987722,2.6666949687783905,0.6935802200676638,/mnt/lustre/users/kiarash-eitgbi/code/hierarchical-kaveh-runs/atom4-latent-filtered-all16-400k/b81485f257299928492ebc38a31e0eccb477fb02/recovery-esmfold-v2/esmfold/step0400000/r0_z3_b0p03_c0p5/panel_summary.json
filtered,400000,r0_z3_b0p03_c0p5,constant_k3,cell,64,32,0.46875,0.46875,1.0,78.11373634439325,0.8728285666214373,0.846344463332259,0.9159224422443782,/mnt/lustre/users/kiarash-eitgbi/code/hierarchical-kaveh-runs/atom4-latent-filtered-all16-400k/b81485f257299928492ebc38a31e0eccb477fb02/recovery-esmfold-v2/esmfold/step0400000/r0_z3_b0p03_c0p5/panel_summary.json
filtered,400000,r0_z3_b0p03_c0p5,constant_k3,cell,96,32,0.09375,0.09375,0.1875,56.62707007653573,5.894101098265811,4.406490366772258,0.5708966138864883,/mnt/lustre/users/kiarash-eitgbi/code/hierarchical-kaveh-runs/atom4-latent-filtered-all16-400k/b81485f257299928492ebc38a31e0eccb477fb02/recovery-esmfold-v2/esmfold/step0400000/r0_z3_b0p03_c0p5/panel_summary.json
filtered,400000,r0_z3_b0p03_c0p5,constant_k3,cell,128,32,0.0,0.0,0.09375,52.88875333128169,6.05634334607592,5.066479861698088,0.5939216040721254,/mnt/lustre/users/kiarash-eitgbi/code/hierarchical-kaveh-runs/atom4-latent-filtered-all16-400k/b81485f257299928492ebc38a31e0eccb477fb02/recovery-esmfold-v2/esmfold/step0400000/r0_z3_b0p03_c0p5/panel_summary.json
filtered,400000,r0_z3_b0p3_c0p125,constant_k3,aggregate,all,96,0.3125,0.3229166666666667,0.4583333333333333,63.38252274914483,4.715743678774573,2.3894129385987073,0.6814588652942947,/mnt/lustre/users/kiarash-eitgbi/code/hierarchical-kaveh-runs/atom4-latent-filtered-all16-400k/b81485f257299928492ebc38a31e0eccb477fb02/recovery-esmfold-v2/esmfold/step0400000/r0_z3_b0p3_c0p125/panel_summary.json
filtered,400000,r0_z3_b0p3_c0p125,constant_k3,cell,64,32,0.78125,0.78125,1.0,81.89646207592048,0.7905439137136889,0.7564218105009892,0.9305546215097995,/mnt/lustre/users/kiarash-eitgbi/code/hierarchical-kaveh-runs/atom4-latent-filtered-all16-400k/b81485f257299928492ebc38a31e0eccb477fb02/recovery-esmfold-v2/esmfold/step0400000/r0_z3_b0p3_c0p125/panel_summary.json
filtered,400000,r0_z3_b0p3_c0p125,constant_k3,cell,96,32,0.0625,0.09375,0.1875,57.783190347493495,4.52905315874593,3.29936028657941,0.6343849907657859,/mnt/lustre/users/kiarash-eitgbi/code/hierarchical-kaveh-runs/atom4-latent-filtered-all16-400k/b81485f257299928492ebc38a31e0eccb477fb02/recovery-esmfold-v2/esmfold/step0400000/r0_z3_b0p3_c0p125/panel_summary.json
filtered,400000,r0_z3_b0p3_c0p125,constant_k3,cell,128,32,0.09375,0.09375,0.1875,50.46791582402054,8.8276339638641,9.028032393566384,0.47943698360729836,/mnt/lustre/users/kiarash-eitgbi/code/hierarchical-kaveh-runs/atom4-latent-filtered-all16-400k/b81485f257299928492ebc38a31e0eccb477fb02/recovery-esmfold-v2/esmfold/step0400000/r0_z3_b0p3_c0p125/panel_summary.json
filtered,400000,r0_z5_b0p03_c0,constant_k3,aggregate,all,96,0.2604166666666667,0.2604166666666667,0.4375,64.06015980317962,4.268980369946325,2.4802077438988483,0.6928401474369853,/mnt/lustre/users/kiarash-eitgbi/code/hierarchical-kaveh-runs/atom4-latent-filtered-all16-400k/b81485f257299928492ebc38a31e0eccb477fb02/recovery-esmfold-v2/esmfold/step0400000/r0_z5_b0p03_c0/panel_summary.json
filtered,400000,r0_z5_b0p03_c0,constant_k3,cell,64,32,0.75,0.75,1.0,82.85961549119435,1.1493136532655535,1.2625820731628967,0.8969531681909311,/mnt/lustre/users/kiarash-eitgbi/code/hierarchical-kaveh-runs/atom4-latent-filtered-all16-400k/b81485f257299928492ebc38a31e0eccb477fb02/recovery-esmfold-v2/esmfold/step0400000/r0_z5_b0p03_c0/panel_summary.json
filtered,400000,r0_z5_b0p03_c0,constant_k3,cell,96,32,0.0,0.0,0.15625,55.50065008167823,5.318268532668047,3.551257627531545,0.587549492105977,/mnt/lustre/users/kiarash-eitgbi/code/hierarchical-kaveh-runs/atom4-latent-filtered-all16-400k/b81485f257299928492ebc38a31e0eccb477fb02/recovery-esmfold-v2/esmfold/step0400000/r0_z5_b0p03_c0/panel_summary.json
filtered,400000,r0_z5_b0p03_c0,constant_k3,cell,128,32,0.03125,0.03125,0.15625,53.82021383666623,6.339358923905375,4.593074149382291,0.5940177820140482,/mnt/lustre/users/kiarash-eitgbi/code/hierarchical-kaveh-runs/atom4-latent-filtered-all16-400k/b81485f257299928492ebc38a31e0eccb477fb02/recovery-esmfold-v2/esmfold/step0400000/r0_z5_b0p03_c0/panel_summary.json
filtered,400000,r1_z3_b0p01_c0p125,constant_k3,aggregate,all,96,0.17708333333333334,0.17708333333333334,0.5208333333333334,64.92024272920081,3.6340629887442852,1.7728172190632274,0.7304361476890842,/mnt/lustre/users/kiarash-eitgbi/code/hierarchical-kaveh-runs/atom4-latent-filtered-all16-400k/b81485f257299928492ebc38a31e0eccb477fb02/recovery-esmfold-v2/esmfold/step0400000/r1_z3_b0p01_c0p125/panel_summary.json
filtered,400000,r1_z3_b0p01_c0p125,constant_k3,cell,64,32,0.3125,0.3125,0.96875,76.93204245929502,1.0442781215444665,0.9866244166584285,0.8855913890134204,/mnt/lustre/users/kiarash-eitgbi/code/hierarchical-kaveh-runs/atom4-latent-filtered-all16-400k/b81485f257299928492ebc38a31e0eccb477fb02/recovery-esmfold-v2/esmfold/step0400000/r1_z3_b0p01_c0p125/panel_summary.json
filtered,400000,r1_z3_b0p01_c0p125,constant_k3,cell,96,32,0.09375,0.09375,0.3125,60.14204929292637,4.49283864186134,3.3158448637833944,0.6420689286067709,/mnt/lustre/users/kiarash-eitgbi/code/hierarchical-kaveh-runs/atom4-latent-filtered-all16-400k/b81485f257299928492ebc38a31e0eccb477fb02/recovery-esmfold-v2/esmfold/step0400000/r1_z3_b0p01_c0p125/panel_summary.json
filtered,400000,r1_z3_b0p01_c0p125,constant_k3,cell,128,32,0.125,0.125,0.28125,57.686636435381,5.365072202827051,3.206216942688862,0.663648125447061,/mnt/lustre/users/kiarash-eitgbi/code/hierarchical-kaveh-runs/atom4-latent-filtered-all16-400k/b81485f257299928492ebc38a31e0eccb477fb02/recovery-esmfold-v2/esmfold/step0400000/r1_z3_b0p01_c0p125/panel_summary.json
filtered,400000,r1_z4_b0p3_c0p5,constant_k3,aggregate,all,96,0.17708333333333334,0.1875,0.4375,60.43642945420661,5.56415275251716,3.1629645111038185,0.6259555479561006,/mnt/lustre/users/kiarash-eitgbi/code/hierarchical-kaveh-runs/atom4-latent-filtered-all16-400k/b81485f257299928492ebc38a31e0eccb477fb02/recovery-esmfold-v2/esmfold/step0400000/r1_z4_b0p3_c0p5/panel_summary.json
filtered,400000,r1_z4_b0p3_c0p5,constant_k3,cell,64,32,0.40625,0.40625,0.9375,76.65641555516399,0.9513669242784046,0.5481469720775981,0.9136785660094344,/mnt/lustre/users/kiarash-eitgbi/code/hierarchical-kaveh-runs/atom4-latent-filtered-all16-400k/b81485f257299928492ebc38a31e0eccb477fb02/recovery-esmfold-v2/esmfold/step0400000/r1_z4_b0p3_c0p5/panel_summary.json
filtered,400000,r1_z4_b0p3_c0p5,constant_k3,cell,96,32,0.09375,0.125,0.28125,57.184578711489394,6.131661422685294,4.272157008514368,0.5607160368385516,/mnt/lustre/users/kiarash-eitgbi/code/hierarchical-kaveh-runs/atom4-latent-filtered-all16-400k/b81485f257299928492ebc38a31e0eccb477fb02/recovery-esmfold-v2/esmfold/step0400000/r1_z4_b0p3_c0p5/panel_summary.json
filtered,400000,r1_z4_b0p3_c0p5,constant_k3,cell,128,32,0.03125,0.03125,0.09375,47.468294095966456,9.60942991058778,9.804684336177917,0.4034720410203158,/mnt/lustre/users/kiarash-eitgbi/code/hierarchical-kaveh-runs/atom4-latent-filtered-all16-400k/b81485f257299928492ebc38a31e0eccb477fb02/recovery-esmfold-v2/esmfold/step0400000/r1_z4_b0p3_c0p5/panel_summary.json
filtered,400000,r2_z2_b0p1_c0p125,constant_k3,aggregate,all,96,0.2916666666666667,0.2916666666666667,0.4270833333333333,66.1616790221308,3.583885702324679,2.447782551004398,0.7424934001576028,/mnt/lustre/users/kiarash-eitgbi/code/hierarchical-kaveh-runs/atom4-latent-filtered-all16-400k/b81485f257299928492ebc38a31e0eccb477fb02/recovery-esmfold-v2/esmfold/step0400000/r2_z2_b0p1_c0p125/panel_summary.json
filtered,400000,r2_z2_b0p1_c0p125,constant_k3,cell,64,32,0.75,0.75,0.9375,83.96854153651368,0.8249718072242026,0.60705071230819,0.9334863233507638,/mnt/lustre/users/kiarash-eitgbi/code/hierarchical-kaveh-runs/atom4-latent-filtered-all16-400k/b81485f257299928492ebc38a31e0eccb477fb02/recovery-esmfold-v2/esmfold/step0400000/r2_z2_b0p1_c0p125/panel_summary.json
filtered,400000,r2_z2_b0p1_c0p125,constant_k3,cell,96,32,0.09375,0.09375,0.21875,62.28969891766467,4.427721080318902,3.099118716613246,0.6657985163216508,/mnt/lustre/users/kiarash-eitgbi/code/hierarchical-kaveh-runs/atom4-latent-filtered-all16-400k/b81485f257299928492ebc38a31e0eccb477fb02/recovery-esmfold-v2/esmfold/step0400000/r2_z2_b0p1_c0p125/panel_summary.json
filtered,400000,r2_z2_b0p1_c0p125,constant_k3,cell,128,32,0.03125,0.03125,0.125,52.22679661221403,5.498964219430933,4.048702681482372,0.6281953608003941,/mnt/lustre/users/kiarash-eitgbi/code/hierarchical-kaveh-runs/atom4-latent-filtered-all16-400k/b81485f257299928492ebc38a31e0eccb477fb02/recovery-esmfold-v2/esmfold/step0400000/r2_z2_b0p1_c0p125/panel_summary.json
filtered,400000,r2_z4_b0p03_c0p25,constant_k3,aggregate,all,96,0.20833333333333334,0.21875,0.4895833333333333,63.397054525614784,4.187228554601287,2.095350934244565,0.7018718332075643,/mnt/lustre/users/kiarash-eitgbi/code/hierarchical-kaveh-runs/atom4-latent-filtered-all16-400k/b81485f257299928492ebc38a31e0eccb477fb02/recovery-esmfold-v2/esmfold/step0400000/r2_z4_b0p03_c0p25/panel_summary.json
filtered,400000,r2_z4_b0p03_c0p25,constant_k3,cell,64,32,0.46875,0.46875,0.9375,78.78202581082854,1.2906471235927925,1.242887131492046,0.8538298450573008,/mnt/lustre/users/kiarash-eitgbi/code/hierarchical-kaveh-runs/atom4-latent-filtered-all16-400k/b81485f257299928492ebc38a31e0eccb477fb02/recovery-esmfold-v2/esmfold/step0400000/r2_z4_b0p03_c0p25/panel_summary.json
filtered,400000,r2_z4_b0p03_c0p25,constant_k3,cell,96,32,0.15625,0.1875,0.4375,64.13343066682621,3.6156158693477707,2.185818927015047,0.7225713506188491,/mnt/lustre/users/kiarash-eitgbi/code/hierarchical-kaveh-runs/atom4-latent-filtered-all16-400k/b81485f257299928492ebc38a31e0eccb477fb02/recovery-esmfold-v2/esmfold/step0400000/r2_z4_b0p03_c0p25/panel_summary.json
filtered,400000,r2_z4_b0p03_c0p25,constant_k3,cell,128,32,0.0,0.0,0.09375,47.275707099189624,7.655422670863297,5.740108531177374,0.5292143039465431,/mnt/lustre/users/kiarash-eitgbi/code/hierarchical-kaveh-runs/atom4-latent-filtered-all16-400k/b81485f257299928492ebc38a31e0eccb477fb02/recovery-esmfold-v2/esmfold/step0400000/r2_z4_b0p03_c0p25/panel_summary.json
selected4,250000,r0_z3_b0p3_c0p125,constant_k3,aggregate,all,224,0.23660714285714285,0.3169642857142857,0.53125,70.72461915654026,3.6700719711678613,1.9055626884740486,0.7894269586173992,/mnt/lustre/users/kiarash-eitgbi/code/hierarchical-kaveh-runs/atom4-latent-selected4-length256-500k-b256-recovery/b6ccee755b9420385ea09a132378e8a7af6d4193/esmfold/step0250000/r0_z3_b0p3_c0p125/panel_summary.json
selected4,250000,r0_z3_b0p3_c0p125,constant_k3,cell,64,32,0.78125,0.78125,1.0,82.92914292348667,0.8562232604970452,0.8579159723328222,0.9236095307656,/mnt/lustre/users/kiarash-eitgbi/code/hierarchical-kaveh-runs/atom4-latent-selected4-length256-500k-b256-recovery/b6ccee755b9420385ea09a132378e8a7af6d4193/esmfold/step0250000/r0_z3_b0p3_c0p125/panel_summary.json
selected4,250000,r0_z3_b0p3_c0p125,constant_k3,cell,96,32,0.375,0.46875,0.6875,76.87513550272065,1.5138301693037142,1.2454216878513962,0.869891610243815,/mnt/lustre/users/kiarash-eitgbi/code/hierarchical-kaveh-runs/atom4-latent-selected4-length256-500k-b256-recovery/b6ccee755b9420385ea09a132378e8a7af6d4193/esmfold/step0250000/r0_z3_b0p3_c0p125/panel_summary.json
selected4,250000,r0_z3_b0p3_c0p125,constant_k3,cell,128,32,0.28125,0.34375,0.5625,71.65854364227458,3.3383370843087152,1.7992150055168095,0.794022951153164,/mnt/lustre/users/kiarash-eitgbi/code/hierarchical-kaveh-runs/atom4-latent-selected4-length256-500k-b256-recovery/b6ccee755b9420385ea09a132378e8a7af6d4193/esmfold/step0250000/r0_z3_b0p3_c0p125/panel_summary.json
selected4,250000,r0_z3_b0p3_c0p125,constant_k3,cell,160,32,0.0,0.125,0.4375,66.99585850895951,4.094903762424093,2.231498279104718,0.7456176480886912,/mnt/lustre/users/kiarash-eitgbi/code/hierarchical-kaveh-runs/atom4-latent-selected4-length256-500k-b256-recovery/b6ccee755b9420385ea09a132378e8a7af6d4193/esmfold/step0250000/r0_z3_b0p3_c0p125/panel_summary.json
selected4,250000,r0_z3_b0p3_c0p125,constant_k3,cell,192,32,0.09375,0.25,0.375,61.9445926869793,5.7936561817441365,2.8712423986324263,0.6863154410273974,/mnt/lustre/users/kiarash-eitgbi/code/hierarchical-kaveh-runs/atom4-latent-selected4-length256-500k-b256-recovery/b6ccee755b9420385ea09a132378e8a7af6d4193/esmfold/step0250000/r0_z3_b0p3_c0p125/panel_summary.json
selected4,250000,r0_z3_b0p3_c0p125,constant_k3,cell,224,32,0.03125,0.09375,0.3125,66.69347670537053,5.064041351439451,3.0124888215927808,0.7498893298004732,/mnt/lustre/users/kiarash-eitgbi/code/hierarchical-kaveh-runs/atom4-latent-selected4-length256-500k-b256-recovery/b6ccee755b9420385ea09a132378e8a7af6d4193/esmfold/step0250000/r0_z3_b0p3_c0p125/panel_summary.json
selected4,250000,r0_z3_b0p3_c0p125,constant_k3,cell,256,32,0.09375,0.15625,0.34375,67.97558412599051,5.029511988457875,2.6421844378162147,0.7566421992426535,/mnt/lustre/users/kiarash-eitgbi/code/hierarchical-kaveh-runs/atom4-latent-selected4-length256-500k-b256-recovery/b6ccee755b9420385ea09a132378e8a7af6d4193/esmfold/step0250000/r0_z3_b0p3_c0p125/panel_summary.json
selected4,250000,r1_z3_b0p01_c0p125,constant_k3,aggregate,all,224,0.24553571428571427,0.32142857142857145,0.5089285714285714,70.72921073265297,3.9562588346276333,1.9734402011321484,0.7785016778383275,/mnt/lustre/users/kiarash-eitgbi/code/hierarchical-kaveh-runs/atom4-latent-selected4-length256-500k-b256-recovery/b6ccee755b9420385ea09a132378e8a7af6d4193/esmfold/step0250000/r1_z3_b0p01_c0p125/panel_summary.json
selected4,250000,r1_z3_b0p01_c0p125,constant_k3,cell,64,32,0.71875,0.71875,0.9375,82.843597520698,0.9280648003669085,0.6708737253778878,0.9105326366264478,/mnt/lustre/users/kiarash-eitgbi/code/hierarchical-kaveh-runs/atom4-latent-selected4-length256-500k-b256-recovery/b6ccee755b9420385ea09a132378e8a7af6d4193/esmfold/step0250000/r1_z3_b0p01_c0p125/panel_summary.json
selected4,250000,r1_z3_b0p01_c0p125,constant_k3,cell,96,32,0.375,0.4375,0.8125,77.60689305792665,1.4974439635776027,1.1475459232005898,0.882704484090577,/mnt/lustre/users/kiarash-eitgbi/code/hierarchical-kaveh-runs/atom4-latent-selected4-length256-500k-b256-recovery/b6ccee755b9420385ea09a132378e8a7af6d4193/esmfold/step0250000/r1_z3_b0p01_c0p125/panel_summary.json
selected4,250000,r1_z3_b0p01_c0p125,constant_k3,cell,128,32,0.21875,0.28125,0.59375,72.91959726699264,3.443231383076384,1.7531574337584888,0.7968516722123344,/mnt/lustre/users/kiarash-eitgbi/code/hierarchical-kaveh-runs/atom4-latent-selected4-length256-500k-b256-recovery/b6ccee755b9420385ea09a132378e8a7af6d4193/esmfold/step0250000/r1_z3_b0p01_c0p125/panel_summary.json
selected4,250000,r1_z3_b0p01_c0p125,constant_k3,cell,160,32,0.125,0.1875,0.5,70.01597654536268,3.5817343751601403,1.9154491169446701,0.8064593661591151,/mnt/lustre/users/kiarash-eitgbi/code/hierarchical-kaveh-runs/atom4-latent-selected4-length256-500k-b256-recovery/b6ccee755b9420385ea09a132378e8a7af6d4193/esmfold/step0250000/r1_z3_b0p01_c0p125/panel_summary.json
selected4,250000,r1_z3_b0p01_c0p125,constant_k3,cell,192,32,0.1875,0.375,0.375,68.666990524766,6.406822171047848,2.380145061680081,0.7002021284604141,/mnt/lustre/users/kiarash-eitgbi/code/hierarchical-kaveh-runs/atom4-latent-selected4-length256-500k-b256-recovery/b6ccee755b9420385ea09a132378e8a7af6d4193/esmfold/step0250000/r1_z3_b0p01_c0p125/panel_summary.json
selected4,250000,r1_z3_b0p01_c0p125,constant_k3,cell,224,32,0.0625,0.15625,0.1875,59.23822992113462,6.6962197969085775,5.661033917382127,0.6345570647671728,/mnt/lustre/users/kiarash-eitgbi/code/hierarchical-kaveh-runs/atom4-latent-selected4-length256-500k-b256-recovery/b6ccee755b9420385ea09a132378e8a7af6d4193/esmfold/step0250000/r1_z3_b0p01_c0p125/panel_summary.json
selected4,250000,r1_z3_b0p01_c0p125,constant_k3,cell,256,32,0.03125,0.09375,0.15625,63.81319029169024,5.140295352255976,4.607235674763047,0.718204392552231,/mnt/lustre/users/kiarash-eitgbi/code/hierarchical-kaveh-runs/atom4-latent-selected4-length256-500k-b256-recovery/b6ccee755b9420385ea09a132378e8a7af6d4193/esmfold/step0250000/r1_z3_b0p01_c0p125/panel_summary.json
selected4,250000,r1_z4_b0p03_c0p25,constant_k3,aggregate,all,224,0.3080357142857143,0.375,0.6205357142857143,75.7725762472046,3.0142109368410877,1.6317748968388472,0.8447563321011796,/mnt/lustre/users/kiarash-eitgbi/code/hierarchical-kaveh-runs/atom4-latent-selected4-length256-500k-b256-recovery/b6ccee755b9420385ea09a132378e8a7af6d4193/esmfold/step0250000/r1_z4_b0p03_c0p25/panel_summary.json
selected4,250000,r1_z4_b0p03_c0p25,constant_k3,cell,64,32,0.625,0.65625,0.96875,81.92342790949738,0.8963430275917539,0.8177753970685449,0.9201699321399589,/mnt/lustre/users/kiarash-eitgbi/code/hierarchical-kaveh-runs/atom4-latent-selected4-length256-500k-b256-recovery/b6ccee755b9420385ea09a132378e8a7af6d4193/esmfold/step0250000/r1_z4_b0p03_c0p25/panel_summary.json
selected4,250000,r1_z4_b0p03_c0p25,constant_k3,cell,96,32,0.40625,0.53125,0.78125,79.78720762154526,2.216034238772806,1.3270972804617687,0.844903720072991,/mnt/lustre/users/kiarash-eitgbi/code/hierarchical-kaveh-runs/atom4-latent-selected4-length256-500k-b256-recovery/b6ccee755b9420385ea09a132378e8a7af6d4193/esmfold/step0250000/r1_z4_b0p03_c0p25/panel_summary.json
selected4,250000,r1_z4_b0p03_c0p25,constant_k3,cell,128,32,0.28125,0.3125,0.75,73.21923691020629,2.52153797585664,1.535455380882289,0.8491720274241661,/mnt/lustre/users/kiarash-eitgbi/code/hierarchical-kaveh-runs/atom4-latent-selected4-length256-500k-b256-recovery/b6ccee755b9420385ea09a132378e8a7af6d4193/esmfold/step0250000/r1_z4_b0p03_c0p25/panel_summary.json
selected4,250000,r1_z4_b0p03_c0p25,constant_k3,cell,160,32,0.25,0.25,0.8125,76.36517836320228,1.878820570207027,1.444736510713697,0.901539853793895,/mnt/lustre/users/kiarash-eitgbi/code/hierarchical-kaveh-runs/atom4-latent-selected4-length256-500k-b256-recovery/b6ccee755b9420385ea09a132378e8a7af6d4193/esmfold/step0250000/r1_z4_b0p03_c0p25/panel_summary.json
selected4,250000,r1_z4_b0p03_c0p25,constant_k3,cell,192,32,0.28125,0.40625,0.5625,75.47843931385228,3.765402117825995,1.7670264315238238,0.8240017156808424,/mnt/lustre/users/kiarash-eitgbi/code/hierarchical-kaveh-runs/atom4-latent-selected4-length256-500k-b256-recovery/b6ccee755b9420385ea09a132378e8a7af6d4193/esmfold/step0250000/r1_z4_b0p03_c0p25/panel_summary.json
selected4,250000,r1_z4_b0p03_c0p25,constant_k3,cell,224,32,0.3125,0.3125,0.40625,73.06095293215796,3.4132022302156524,2.2480029103488395,0.8297066253282346,/mnt/lustre/users/kiarash-eitgbi/code/hierarchical-kaveh-runs/atom4-latent-selected4-length256-500k-b256-recovery/b6ccee755b9420385ea09a132378e8a7af6d4193/esmfold/step0250000/r1_z4_b0p03_c0p25/panel_summary.json
selected4,250000,r1_z4_b0p03_c0p25,constant_k3,cell,256,32,0.0,0.15625,0.0625,70.57359067997075,6.408136397417741,3.3810236648028233,0.7438004502681692,/mnt/lustre/users/kiarash-eitgbi/code/hierarchical-kaveh-runs/atom4-latent-selected4-length256-500k-b256-recovery/b6ccee755b9420385ea09a132378e8a7af6d4193/esmfold/step0250000/r1_z4_b0p03_c0p25/panel_summary.json
selected4,250000,r2_z2_b0p1_c0p125,constant_k3,aggregate,all,224,0.14285714285714285,0.20535714285714285,0.3125,61.551675716690625,9.043879511235476,10.244310745450417,0.5074819020299975,/mnt/lustre/users/kiarash-eitgbi/code/hierarchical-kaveh-runs/atom4-latent-selected4-length256-500k-b256-recovery/b6ccee755b9420385ea09a132378e8a7af6d4193/esmfold/step0250000/r2_z2_b0p1_c0p125/panel_summary.json
selected4,250000,r2_z2_b0p1_c0p125,constant_k3,cell,64,32,0.65625,0.6875,0.875,81.3430882354285,1.2231491132786574,0.9856315669909935,0.8674482875507797,/mnt/lustre/users/kiarash-eitgbi/code/hierarchical-kaveh-runs/atom4-latent-selected4-length256-500k-b256-recovery/b6ccee755b9420385ea09a132378e8a7af6d4193/esmfold/step0250000/r2_z2_b0p1_c0p125/panel_summary.json
selected4,250000,r2_z2_b0p1_c0p125,constant_k3,cell,96,32,0.21875,0.21875,0.75,73.10096275404027,2.2733081534880712,1.3384728154731045,0.82355860206478,/mnt/lustre/users/kiarash-eitgbi/code/hierarchical-kaveh-runs/atom4-latent-selected4-length256-500k-b256-recovery/b6ccee755b9420385ea09a132378e8a7af6d4193/esmfold/step0250000/r2_z2_b0p1_c0p125/panel_summary.json
selected4,250000,r2_z2_b0p1_c0p125,constant_k3,cell,128,32,0.03125,0.09375,0.25,57.134707933521405,9.747675258040083,10.730989904074114,0.41498063568117866,/mnt/lustre/users/kiarash-eitgbi/code/hierarchical-kaveh-runs/atom4-latent-selected4-length256-500k-b256-recovery/b6ccee755b9420385ea09a132378e8a7af6d4193/esmfold/step0250000/r2_z2_b0p1_c0p125/panel_summary.json
selected4,250000,r2_z2_b0p1_c0p125,constant_k3,cell,160,32,0.0,0.03125,0.125,53.42775742159545,10.541459192359877,12.035729847573684,0.393992642895061,/mnt/lustre/users/kiarash-eitgbi/code/hierarchical-kaveh-runs/atom4-latent-selected4-length256-500k-b256-recovery/b6ccee755b9420385ea09a132378e8a7af6d4193/esmfold/step0250000/r2_z2_b0p1_c0p125/panel_summary.json
selected4,250000,r2_z2_b0p1_c0p125,constant_k3,cell,192,32,0.03125,0.21875,0.0625,59.855921167970486,12.934885568774494,14.520680521451919,0.3078314877655178,/mnt/lustre/users/kiarash-eitgbi/code/hierarchical-kaveh-runs/atom4-latent-selected4-length256-500k-b256-recovery/b6ccee755b9420385ea09a132378e8a7af6d4193/esmfold/step0250000/r2_z2_b0p1_c0p125/panel_summary.json
selected4,250000,r2_z2_b0p1_c0p125,constant_k3,cell,224,32,0.0625,0.15625,0.125,54.291878097229166,12.631378579478643,13.814172812619693,0.38519042782959123,/mnt/lustre/users/kiarash-eitgbi/code/hierarchical-kaveh-runs/atom4-latent-selected4-length256-500k-b256-recovery/b6ccee755b9420385ea09a132378e8a7af6d4193/esmfold/step0250000/r2_z2_b0p1_c0p125/panel_summary.json
selected4,250000,r2_z2_b0p1_c0p125,constant_k3,cell,256,32,0.0,0.03125,0.0,51.707414407049086,13.955300713228496,14.89450303107473,0.35937123042307406,/mnt/lustre/users/kiarash-eitgbi/code/hierarchical-kaveh-runs/atom4-latent-selected4-length256-500k-b256-recovery/b6ccee755b9420385ea09a132378e8a7af6d4193/esmfold/step0250000/r2_z2_b0p1_c0p125/panel_summary.json
selected4,300000,r0_z3_b0p3_c0p125,constant_k3,aggregate,all,224,0.33035714285714285,0.38392857142857145,0.5,70.16833954128647,4.349666978307002,1.9855557216095172,0.7381440171243491,/mnt/lustre/users/kiarash-eitgbi/code/hierarchical-kaveh-runs/atom4-latent-selected4-length256-500k-b256-recovery/b6ccee755b9420385ea09a132378e8a7af6d4193/esmfold/step0300000/r0_z3_b0p3_c0p125/panel_summary.json
selected4,300000,r0_z3_b0p3_c0p125,constant_k3,cell,64,32,0.75,0.78125,0.90625,82.69152030367519,0.9019127505701583,0.7900194214565837,0.9137551436155207,/mnt/lustre/users/kiarash-eitgbi/code/hierarchical-kaveh-runs/atom4-latent-selected4-length256-500k-b256-recovery/b6ccee755b9420385ea09a132378e8a7af6d4193/esmfold/step0300000/r0_z3_b0p3_c0p125/panel_summary.json
selected4,300000,r0_z3_b0p3_c0p125,constant_k3,cell,96,32,0.5,0.53125,0.75,77.00385224156688,1.9026474181969601,1.0616608941682846,0.8521881281762183,/mnt/lustre/users/kiarash-eitgbi/code/hierarchical-kaveh-runs/atom4-latent-selected4-length256-500k-b256-recovery/b6ccee755b9420385ea09a132378e8a7af6d4193/esmfold/step0300000/r0_z3_b0p3_c0p125/panel_summary.json
selected4,300000,r0_z3_b0p3_c0p125,constant_k3,cell,128,32,0.375,0.40625,0.65625,72.74373874858398,3.7299311832923907,1.538633107335257,0.7733563941299043,/mnt/lustre/users/kiarash-eitgbi/code/hierarchical-kaveh-runs/atom4-latent-selected4-length256-500k-b256-recovery/b6ccee755b9420385ea09a132378e8a7af6d4193/esmfold/step0300000/r0_z3_b0p3_c0p125/panel_summary.json
selected4,300000,r0_z3_b0p3_c0p125,constant_k3,cell,160,32,0.125,0.1875,0.3125,65.12643226247849,5.703317797728137,3.8529115907065914,0.6389161301068154,/mnt/lustre/users/kiarash-eitgbi/code/hierarchical-kaveh-runs/atom4-latent-selected4-length256-500k-b256-recovery/b6ccee755b9420385ea09a132378e8a7af6d4193/esmfold/step0300000/r0_z3_b0p3_c0p125/panel_summary.json
selected4,300000,r0_z3_b0p3_c0p125,constant_k3,cell,192,32,0.28125,0.34375,0.40625,64.35050997662516,5.1418994154928015,3.0716955510861403,0.7062853308040565,/mnt/lustre/users/kiarash-eitgbi/code/hierarchical-kaveh-runs/atom4-latent-selected4-length256-500k-b256-recovery/b6ccee755b9420385ea09a132378e8a7af6d4193/esmfold/step0300000/r0_z3_b0p3_c0p125/panel_summary.json
selected4,300000,r0_z3_b0p3_c0p125,constant_k3,cell,224,32,0.21875,0.25,0.28125,64.26036400439321,5.979281894682522,4.618073805600483,0.655700547026758,/mnt/lustre/users/kiarash-eitgbi/code/hierarchical-kaveh-runs/atom4-latent-selected4-length256-500k-b256-recovery/b6ccee755b9420385ea09a132378e8a7af6d4193/esmfold/step0300000/r0_z3_b0p3_c0p125/panel_summary.json
selected4,300000,r0_z3_b0p3_c0p125,constant_k3,cell,256,32,0.0625,0.1875,0.1875,65.00195925168246,7.088678388186046,6.621191716144075,0.62680644601117,/mnt/lustre/users/kiarash-eitgbi/code/hierarchical-kaveh-runs/atom4-latent-selected4-length256-500k-b256-recovery/b6ccee755b9420385ea09a132378e8a7af6d4193/esmfold/step0300000/r0_z3_b0p3_c0p125/panel_summary.json
selected4,300000,r1_z3_b0p01_c0p125,constant_k3,aggregate,all,224,0.2857142857142857,0.3794642857142857,0.49107142857142855,71.06373065666655,4.386137429475053,2.046283847624771,0.7642120092072838,/mnt/lustre/users/kiarash-eitgbi/code/hierarchical-kaveh-runs/atom4-latent-selected4-length256-500k-b256-recovery/b6ccee755b9420385ea09a132378e8a7af6d4193/esmfold/step0300000/r1_z3_b0p01_c0p125/panel_summary.json
selected4,300000,r1_z3_b0p01_c0p125,constant_k3,cell,64,32,0.71875,0.78125,0.875,83.14247481661491,1.730460547223073,0.927032042902305,0.8549491281880386,/mnt/lustre/users/kiarash-eitgbi/code/hierarchical-kaveh-runs/atom4-latent-selected4-length256-500k-b256-recovery/b6ccee755b9420385ea09a132378e8a7af6d4193/esmfold/step0300000/r1_z3_b0p01_c0p125/panel_summary.json
selected4,300000,r1_z3_b0p01_c0p125,constant_k3,cell,96,32,0.34375,0.375,0.84375,80.3047684363664,1.383025811105611,1.1350561938324266,0.9017287864693715,/mnt/lustre/users/kiarash-eitgbi/code/hierarchical-kaveh-runs/atom4-latent-selected4-length256-500k-b256-recovery/b6ccee755b9420385ea09a132378e8a7af6d4193/esmfold/step0300000/r1_z3_b0p01_c0p125/panel_summary.json
selected4,300000,r1_z3_b0p01_c0p125,constant_k3,cell,128,32,0.40625,0.4375,0.625,71.4912963748753,3.6158588988453086,1.4579441898819998,0.7860002919837537,/mnt/lustre/users/kiarash-eitgbi/code/hierarchical-kaveh-runs/atom4-latent-selected4-length256-500k-b256-recovery/b6ccee755b9420385ea09a132378e8a7af6d4193/esmfold/step0300000/r1_z3_b0p01_c0p125/panel_summary.json
selected4,300000,r1_z3_b0p01_c0p125,constant_k3,cell,160,32,0.25,0.3125,0.625,69.62182077619234,5.396632034263339,1.6190842574377773,0.7481113051849414,/mnt/lustre/users/kiarash-eitgbi/code/hierarchical-kaveh-runs/atom4-latent-selected4-length256-500k-b256-recovery/b6ccee755b9420385ea09a132378e8a7af6d4193/esmfold/step0300000/r1_z3_b0p01_c0p125/panel_summary.json
selected4,300000,r1_z3_b0p01_c0p125,constant_k3,cell,192,32,0.21875,0.46875,0.28125,69.41786031672558,5.154144188035783,2.5547404933635445,0.7219332209378013,/mnt/lustre/users/kiarash-eitgbi/code/hierarchical-kaveh-runs/atom4-latent-selected4-length256-500k-b256-recovery/b6ccee755b9420385ea09a132378e8a7af6d4193/esmfold/step0300000/r1_z3_b0p01_c0p125/panel_summary.json
selected4,300000,r1_z3_b0p01_c0p125,constant_k3,cell,224,32,0.0625,0.15625,0.125,60.47586966899895,6.0507999020275784,4.226789651537297,0.67981004284285,/mnt/lustre/users/kiarash-eitgbi/code/hierarchical-kaveh-runs/atom4-latent-selected4-length256-500k-b256-recovery/b6ccee755b9420385ea09a132378e8a7af6d4193/esmfold/step0300000/r1_z3_b0p01_c0p125/panel_summary.json
selected4,300000,r1_z3_b0p01_c0p125,constant_k3,cell,256,32,0.0,0.125,0.0625,62.99202420689235,7.372040624824676,5.256596555567536,0.6569512888442313,/mnt/lustre/users/kiarash-eitgbi/code/hierarchical-kaveh-runs/atom4-latent-selected4-length256-500k-b256-recovery/b6ccee755b9420385ea09a132378e8a7af6d4193/esmfold/step0300000/r1_z3_b0p01_c0p125/panel_summary.json
selected4,300000,r1_z4_b0p03_c0p25,constant_k3,aggregate,all,224,0.375,0.47767857142857145,0.6741071428571429,78.72568357679572,2.345410106472606,1.617971228423447,0.866467920991975,/mnt/lustre/users/kiarash-eitgbi/code/hierarchical-kaveh-runs/atom4-latent-selected4-length256-500k-b256-recovery/b6ccee755b9420385ea09a132378e8a7af6d4193/esmfold/step0300000/r1_z4_b0p03_c0p25/panel_summary.json
selected4,300000,r1_z4_b0p03_c0p25,constant_k3,cell,64,32,0.75,0.75,0.96875,82.51994910610325,0.8097163499024238,0.7741530308008197,0.9230485228738711,/mnt/lustre/users/kiarash-eitgbi/code/hierarchical-kaveh-runs/atom4-latent-selected4-length256-500k-b256-recovery/b6ccee755b9420385ea09a132378e8a7af6d4193/esmfold/step0300000/r1_z4_b0p03_c0p25/panel_summary.json
selected4,300000,r1_z4_b0p03_c0p25,constant_k3,cell,96,32,0.40625,0.4375,0.875,78.71767550694305,1.380765639637691,1.2969015549620364,0.88788429486452,/mnt/lustre/users/kiarash-eitgbi/code/hierarchical-kaveh-runs/atom4-latent-selected4-length256-500k-b256-recovery/b6ccee755b9420385ea09a132378e8a7af6d4193/esmfold/step0300000/r1_z4_b0p03_c0p25/panel_summary.json
selected4,300000,r1_z4_b0p03_c0p25,constant_k3,cell,128,32,0.40625,0.4375,0.78125,77.15502824338466,1.647550481408237,1.4143452457717955,0.9018982023252855,/mnt/lustre/users/kiarash-eitgbi/code/hierarchical-kaveh-runs/atom4-latent-selected4-length256-500k-b256-recovery/b6ccee755b9420385ea09a132378e8a7af6d4193/esmfold/step0300000/r1_z4_b0p03_c0p25/panel_summary.json
selected4,300000,r1_z4_b0p03_c0p25,constant_k3,cell,160,32,0.3125,0.375,0.8125,76.57566969405613,2.4380642717345204,1.6521182018743787,0.8626461019400413,/mnt/lustre/users/kiarash-eitgbi/code/hierarchical-kaveh-runs/atom4-latent-selected4-length256-500k-b256-recovery/b6ccee755b9420385ea09a132378e8a7af6d4193/esmfold/step0300000/r1_z4_b0p03_c0p25/panel_summary.json
selected4,300000,r1_z4_b0p03_c0p25,constant_k3,cell,192,32,0.21875,0.40625,0.5,78.14591615506778,2.9627365401965644,2.030205320310309,0.8469449869848452,/mnt/lustre/users/kiarash-eitgbi/code/hierarchical-kaveh-runs/atom4-latent-selected4-length256-500k-b256-recovery/b6ccee755b9420385ea09a132378e8a7af6d4193/esmfold/step0300000/r1_z4_b0p03_c0p25/panel_summary.json
selected4,300000,r1_z4_b0p03_c0p25,constant_k3,cell,224,32,0.46875,0.6875,0.59375,82.58180824512183,2.973783873903315,1.813058960818,0.8632656189856354,/mnt/lustre/users/kiarash-eitgbi/code/hierarchical-kaveh-runs/atom4-latent-selected4-length256-500k-b256-recovery/b6ccee755b9420385ea09a132378e8a7af6d4193/esmfold/step0300000/r1_z4_b0p03_c0p25/panel_summary.json
selected4,300000,r1_z4_b0p03_c0p25,constant_k3,cell,256,32,0.0625,0.25,0.1875,75.38373808689329,4.205253588525489,2.7748132068173668,0.7795877189696265,/mnt/lustre/users/kiarash-eitgbi/code/hierarchical-kaveh-runs/atom4-latent-selected4-length256-500k-b256-recovery/b6ccee755b9420385ea09a132378e8a7af6d4193/esmfold/step0300000/r1_z4_b0p03_c0p25/panel_summary.json
selected4,300000,r2_z2_b0p1_c0p125,constant_k3,aggregate,all,224,0.19196428571428573,0.2544642857142857,0.30357142857142855,60.58999983934755,5.787441820916604,4.000743492373883,0.6341935012699381,/mnt/lustre/users/kiarash-eitgbi/code/hierarchical-kaveh-runs/atom4-latent-selected4-length256-500k-b256-recovery/b6ccee755b9420385ea09a132378e8a7af6d4193/esmfold/step0300000/r2_z2_b0p1_c0p125/panel_summary.json
selected4,300000,r2_z2_b0p1_c0p125,constant_k3,cell,64,32,0.84375,0.84375,0.96875,82.98569726214984,0.8776625883093537,0.7735630789442494,0.918186185615187,/mnt/lustre/users/kiarash-eitgbi/code/hierarchical-kaveh-runs/atom4-latent-selected4-length256-500k-b256-recovery/b6ccee755b9420385ea09a132378e8a7af6d4193/esmfold/step0300000/r2_z2_b0p1_c0p125/panel_summary.json
selected4,300000,r2_z2_b0p1_c0p125,constant_k3,cell,96,32,0.3125,0.3125,0.71875,69.97382119652643,2.7559955363436046,1.1413554019307992,0.7842054421935082,/mnt/lustre/users/kiarash-eitgbi/code/hierarchical-kaveh-runs/atom4-latent-selected4-length256-500k-b256-recovery/b6ccee755b9420385ea09a132378e8a7af6d4193/esmfold/step0300000/r2_z2_b0p1_c0p125/panel_summary.json
selected4,300000,r2_z2_b0p1_c0p125,constant_k3,cell,128,32,0.03125,0.03125,0.125,46.53491860255836,7.7953791785767095,8.82171788287489,0.45666895048907663,/mnt/lustre/users/kiarash-eitgbi/code/hierarchical-kaveh-runs/atom4-latent-selected4-length256-500k-b256-recovery/b6ccee755b9420385ea09a132378e8a7af6d4193/esmfold/step0300000/r2_z2_b0p1_c0p125/panel_summary.json
selected4,300000,r2_z2_b0p1_c0p125,constant_k3,cell,160,32,0.0625,0.09375,0.15625,51.61818876260527,7.276963801750217,6.495135352221455,0.5204038607786928,/mnt/lustre/users/kiarash-eitgbi/code/hierarchical-kaveh-runs/atom4-latent-selected4-length256-500k-b256-recovery/b6ccee755b9420385ea09a132378e8a7af6d4193/esmfold/step0300000/r2_z2_b0p1_c0p125/panel_summary.json
selected4,300000,r2_z2_b0p1_c0p125,constant_k3,cell,192,32,0.0625,0.125,0.125,53.56323932510317,6.528444492051078,4.225536318399179,0.5983983297293605,/mnt/lustre/users/kiarash-eitgbi/code/hierarchical-kaveh-runs/atom4-latent-selected4-length256-500k-b256-recovery/b6ccee755b9420385ea09a132378e8a7af6d4193/esmfold/step0300000/r2_z2_b0p1_c0p125/panel_summary.json
selected4,300000,r2_z2_b0p1_c0p125,constant_k3,cell,224,32,0.03125,0.28125,0.03125,59.08894112521168,8.177813325870865,6.535041101494218,0.5474529981066689,/mnt/lustre/users/kiarash-eitgbi/code/hierarchical-kaveh-runs/atom4-latent-selected4-length256-500k-b256-recovery/b6ccee755b9420385ea09a132378e8a7af6d4193/esmfold/step0300000/r2_z2_b0p1_c0p125/panel_summary.json
selected4,300000,r2_z2_b0p1_c0p125,constant_k3,cell,256,32,0.0,0.09375,0.0,60.36519260127806,7.099833823514405,5.25417142725872,0.6140387419770725,/mnt/lustre/users/kiarash-eitgbi/code/hierarchical-kaveh-runs/atom4-latent-selected4-length256-500k-b256-recovery/b6ccee755b9420385ea09a132378e8a7af6d4193/esmfold/step0300000/r2_z2_b0p1_c0p125/panel_summary.json
selected4,350000,r0_z3_b0p3_c0p125,constant_k3,aggregate,all,224,0.36607142857142855,0.42410714285714285,0.5223214285714286,73.58692582022238,3.7747496794655526,1.7841763383312284,0.7903176561287651,/mnt/lustre/users/kiarash-eitgbi/code/hierarchical-kaveh-runs/atom4-latent-selected4-length256-500k-b256-recovery/b6ccee755b9420385ea09a132378e8a7af6d4193/esmfold/step0350000/r0_z3_b0p3_c0p125/panel_summary.json
selected4,350000,r0_z3_b0p3_c0p125,constant_k3,cell,64,32,0.84375,0.84375,1.0,85.06836976558748,0.6597799533027762,0.5500753544623168,0.949225123185239,/mnt/lustre/users/kiarash-eitgbi/code/hierarchical-kaveh-runs/atom4-latent-selected4-length256-500k-b256-recovery/b6ccee755b9420385ea09a132378e8a7af6d4193/esmfold/step0350000/r0_z3_b0p3_c0p125/panel_summary.json
selected4,350000,r0_z3_b0p3_c0p125,constant_k3,cell,96,32,0.5,0.5,0.71875,78.09782382737711,2.1310944806028296,0.80947269235767,0.8399244256398097,/mnt/lustre/users/kiarash-eitgbi/code/hierarchical-kaveh-runs/atom4-latent-selected4-length256-500k-b256-recovery/b6ccee755b9420385ea09a132378e8a7af6d4193/esmfold/step0350000/r0_z3_b0p3_c0p125/panel_summary.json
selected4,350000,r0_z3_b0p3_c0p125,constant_k3,cell,128,32,0.40625,0.40625,0.71875,77.17383438147615,1.7658037781800704,1.13314693504173,0.8916549500038331,/mnt/lustre/users/kiarash-eitgbi/code/hierarchical-kaveh-runs/atom4-latent-selected4-length256-500k-b256-recovery/b6ccee755b9420385ea09a132378e8a7af6d4193/esmfold/step0350000/r0_z3_b0p3_c0p125/panel_summary.json
selected4,350000,r0_z3_b0p3_c0p125,constant_k3,cell,160,32,0.21875,0.28125,0.46875,74.16955307074795,3.0385300707394727,2.223423234306627,0.8101676256781966,/mnt/lustre/users/kiarash-eitgbi/code/hierarchical-kaveh-runs/atom4-latent-selected4-length256-500k-b256-recovery/b6ccee755b9420385ea09a132378e8a7af6d4193/esmfold/step0350000/r0_z3_b0p3_c0p125/panel_summary.json
selected4,350000,r0_z3_b0p3_c0p125,constant_k3,cell,192,32,0.3125,0.4375,0.3125,69.64072761646102,5.416836240864839,2.424445773097464,0.7053905242000839,/mnt/lustre/users/kiarash-eitgbi/code/hierarchical-kaveh-runs/atom4-latent-selected4-length256-500k-b256-recovery/b6ccee755b9420385ea09a132378e8a7af6d4193/esmfold/step0350000/r0_z3_b0p3_c0p125/panel_summary.json
selected4,350000,r0_z3_b0p3_c0p125,constant_k3,cell,224,32,0.1875,0.3125,0.34375,64.97542714560248,6.401720394308601,3.8477505266067347,0.6869330861536721,/mnt/lustre/users/kiarash-eitgbi/code/hierarchical-kaveh-runs/atom4-latent-selected4-length256-500k-b256-recovery/b6ccee755b9420385ea09a132378e8a7af6d4193/esmfold/step0350000/r0_z3_b0p3_c0p125/panel_summary.json
selected4,350000,r0_z3_b0p3_c0p125,constant_k3,cell,256,32,0.09375,0.1875,0.09375,65.98274493430452,7.009482838260274,5.70061076661352,0.6489278580405209,/mnt/lustre/users/kiarash-eitgbi/code/hierarchical-kaveh-runs/atom4-latent-selected4-length256-500k-b256-recovery/b6ccee755b9420385ea09a132378e8a7af6d4193/esmfold/step0350000/r0_z3_b0p3_c0p125/panel_summary.json
selected4,350000,r1_z3_b0p01_c0p125,constant_k3,aggregate,all,224,0.4330357142857143,0.5089285714285714,0.6160714285714286,78.36472835636224,3.095140853073906,1.5936944671744722,0.839465648798088,/mnt/lustre/users/kiarash-eitgbi/code/hierarchical-kaveh-runs/atom4-latent-selected4-length256-500k-b256-recovery/b6ccee755b9420385ea09a132378e8a7af6d4193/esmfold/step0350000/r1_z3_b0p01_c0p125/panel_summary.json
selected4,350000,r1_z3_b0p01_c0p125,constant_k3,cell,64,32,0.8125,0.84375,0.96875,84.23866995653816,1.1402352930488187,0.724060688730997,0.914047441120049,/mnt/lustre/users/kiarash-eitgbi/code/hierarchical-kaveh-runs/atom4-latent-selected4-length256-500k-b256-recovery/b6ccee755b9420385ea09a132378e8a7af6d4193/esmfold/step0350000/r1_z3_b0p01_c0p125/panel_summary.json
selected4,350000,r1_z3_b0p01_c0p125,constant_k3,cell,96,32,0.53125,0.5625,0.78125,79.26415882216887,1.87896969798643,0.9584724133856728,0.8543782713810051,/mnt/lustre/users/kiarash-eitgbi/code/hierarchical-kaveh-runs/atom4-latent-selected4-length256-500k-b256-recovery/b6ccee755b9420385ea09a132378e8a7af6d4193/esmfold/step0350000/r1_z3_b0p01_c0p125/panel_summary.json
selected4,350000,r1_z3_b0p01_c0p125,constant_k3,cell,128,32,0.4375,0.4375,0.84375,78.44750544421721,2.205754073840301,1.4269094585575024,0.8731082162380093,/mnt/lustre/users/kiarash-eitgbi/code/hierarchical-kaveh-runs/atom4-latent-selected4-length256-500k-b256-recovery/b6ccee755b9420385ea09a132378e8a7af6d4193/esmfold/step0350000/r1_z3_b0p01_c0p125/panel_summary.json
selected4,350000,r1_z3_b0p01_c0p125,constant_k3,cell,160,32,0.46875,0.5,0.6875,78.51036178632532,2.659184255841697,1.5743638421734165,0.856083988739595,/mnt/lustre/users/kiarash-eitgbi/code/hierarchical-kaveh-runs/atom4-latent-selected4-length256-500k-b256-recovery/b6ccee755b9420385ea09a132378e8a7af6d4193/esmfold/step0350000/r1_z3_b0p01_c0p125/panel_summary.json
selected4,350000,r1_z3_b0p01_c0p125,constant_k3,cell,192,32,0.34375,0.4375,0.375,75.5647066532409,5.8776711639485075,2.678936499912851,0.7462284693693263,/mnt/lustre/users/kiarash-eitgbi/code/hierarchical-kaveh-runs/atom4-latent-selected4-length256-500k-b256-recovery/b6ccee755b9420385ea09a132378e8a7af6d4193/esmfold/step0350000/r1_z3_b0p01_c0p125/panel_summary.json
selected4,350000,r1_z3_b0p01_c0p125,constant_k3,cell,224,32,0.34375,0.40625,0.40625,73.54939108613321,4.48195978623102,2.2038728169095823,0.796125865927541,/mnt/lustre/users/kiarash-eitgbi/code/hierarchical-kaveh-runs/atom4-latent-selected4-length256-500k-b256-recovery/b6ccee755b9420385ea09a132378e8a7af6d4193/esmfold/step0350000/r1_z3_b0p01_c0p125/panel_summary.json
selected4,350000,r1_z3_b0p01_c0p125,constant_k3,cell,256,32,0.09375,0.375,0.25,78.97830474591194,3.422211700620567,2.823914791735959,0.8362872888110902,/mnt/lustre/users/kiarash-eitgbi/code/hierarchical-kaveh-runs/atom4-latent-selected4-length256-500k-b256-recovery/b6ccee755b9420385ea09a132378e8a7af6d4193/esmfold/step0350000/r1_z3_b0p01_c0p125/panel_summary.json
selected4,350000,r1_z4_b0p03_c0p25,constant_k3,aggregate,all,224,0.4642857142857143,0.5,0.7678571428571429,78.9572555109622,2.2174692114902657,1.3201839859442914,0.8810563736948841,/mnt/lustre/users/kiarash-eitgbi/code/hierarchical-kaveh-runs/atom4-latent-selected4-length256-500k-b256-recovery/b6ccee755b9420385ea09a132378e8a7af6d4193/esmfold/step0350000/r1_z4_b0p03_c0p25/panel_summary.json
selected4,350000,r1_z4_b0p03_c0p25,constant_k3,cell,64,32,0.625,0.625,0.90625,81.8369311652434,1.0235327746764273,0.732276198846789,0.9021243638584199,/mnt/lustre/users/kiarash-eitgbi/code/hierarchical-kaveh-runs/atom4-latent-selected4-length256-500k-b256-recovery/b6ccee755b9420385ea09a132378e8a7af6d4193/esmfold/step0350000/r1_z4_b0p03_c0p25/panel_summary.json
selected4,350000,r1_z4_b0p03_c0p25,constant_k3,cell,96,32,0.40625,0.4375,0.8125,78.54333636491447,1.348370870139186,1.214233664210536,0.8966377701878983,/mnt/lustre/users/kiarash-eitgbi/code/hierarchical-kaveh-runs/atom4-latent-selected4-length256-500k-b256-recovery/b6ccee755b9420385ea09a132378e8a7af6d4193/esmfold/step0350000/r1_z4_b0p03_c0p25/panel_summary.json
selected4,350000,r1_z4_b0p03_c0p25,constant_k3,cell,128,32,0.34375,0.375,0.8125,76.52600886070668,2.1488168880096143,1.3222560655604974,0.8801823381631858,/mnt/lustre/users/kiarash-eitgbi/code/hierarchical-kaveh-runs/atom4-latent-selected4-length256-500k-b256-recovery/b6ccee755b9420385ea09a132378e8a7af6d4193/esmfold/step0350000/r1_z4_b0p03_c0p25/panel_summary.json
selected4,350000,r1_z4_b0p03_c0p25,constant_k3,cell,160,32,0.40625,0.40625,0.75,75.79362132247172,2.8539275849936194,1.2937972279826768,0.8448448702814058,/mnt/lustre/users/kiarash-eitgbi/code/hierarchical-kaveh-runs/atom4-latent-selected4-length256-500k-b256-recovery/b6ccee755b9420385ea09a132378e8a7af6d4193/esmfold/step0350000/r1_z4_b0p03_c0p25/panel_summary.json
selected4,350000,r1_z4_b0p03_c0p25,constant_k3,cell,192,32,0.625,0.71875,0.71875,82.53612879109768,2.7281012631893753,1.3997601789231342,0.8737559108906825,/mnt/lustre/users/kiarash-eitgbi/code/hierarchical-kaveh-runs/atom4-latent-selected4-length256-500k-b256-recovery/b6ccee755b9420385ea09a132378e8a7af6d4193/esmfold/step0350000/r1_z4_b0p03_c0p25/panel_summary.json
selected4,350000,r1_z4_b0p03_c0p25,constant_k3,cell,224,32,0.46875,0.46875,0.6875,78.67211270290647,2.277733654162251,1.490518496113899,0.8989799262498956,/mnt/lustre/users/kiarash-eitgbi/code/hierarchical-kaveh-runs/atom4-latent-selected4-length256-500k-b256-recovery/b6ccee755b9420385ea09a132378e8a7af6d4193/esmfold/step0350000/r1_z4_b0p03_c0p25/panel_summary.json
selected4,350000,r1_z4_b0p03_c0p25,constant_k3,cell,256,32,0.375,0.46875,0.6875,78.79264936939492,3.141801445261386,1.7441918319971117,0.870869436232701,/mnt/lustre/users/kiarash-eitgbi/code/hierarchical-kaveh-runs/atom4-latent-selected4-length256-500k-b256-recovery/b6ccee755b9420385ea09a132378e8a7af6d4193/esmfold/step0350000/r1_z4_b0p03_c0p25/panel_summary.json
selected4,350000,r2_z2_b0p1_c0p125,constant_k3,aggregate,all,224,0.17410714285714285,0.20982142857142858,0.32589285714285715,55.48879892074316,7.3399888787144505,5.223001905315801,0.5752779660658813,/mnt/lustre/users/kiarash-eitgbi/code/hierarchical-kaveh-runs/atom4-latent-selected4-length256-500k-b256-recovery/b6ccee755b9420385ea09a132378e8a7af6d4193/esmfold/step0350000/r2_z2_b0p1_c0p125/panel_summary.json
selected4,350000,r2_z2_b0p1_c0p125,constant_k3,cell,64,32,0.75,0.75,0.9375,82.32744718208619,1.0456256824638492,0.7806463406486486,0.8974920702711762,/mnt/lustre/users/kiarash-eitgbi/code/hierarchical-kaveh-runs/atom4-latent-selected4-length256-500k-b256-recovery/b6ccee755b9420385ea09a132378e8a7af6d4193/esmfold/step0350000/r2_z2_b0p1_c0p125/panel_summary.json
selected4,350000,r2_z2_b0p1_c0p125,constant_k3,cell,96,32,0.375,0.40625,0.78125,74.7749660665302,1.9987677887939215,1.1930062756650601,0.8479882368340327,/mnt/lustre/users/kiarash-eitgbi/code/hierarchical-kaveh-runs/atom4-latent-selected4-length256-500k-b256-recovery/b6ccee755b9420385ea09a132378e8a7af6d4193/esmfold/step0350000/r2_z2_b0p1_c0p125/panel_summary.json
selected4,350000,r2_z2_b0p1_c0p125,constant_k3,cell,128,32,0.0,0.03125,0.34375,49.62658879468508,7.7480030258123165,7.652641336055748,0.5208060985410312,/mnt/lustre/users/kiarash-eitgbi/code/hierarchical-kaveh-runs/atom4-latent-selected4-length256-500k-b256-recovery/b6ccee755b9420385ea09a132378e8a7af6d4193/esmfold/step0350000/r2_z2_b0p1_c0p125/panel_summary.json
selected4,350000,r2_z2_b0p1_c0p125,constant_k3,cell,160,32,0.03125,0.03125,0.0625,42.40934349767335,9.836283506384145,8.54665298035468,0.40364679674837944,/mnt/lustre/users/kiarash-eitgbi/code/hierarchical-kaveh-runs/atom4-latent-selected4-length256-500k-b256-recovery/b6ccee755b9420385ea09a132378e8a7af6d4193/esmfold/step0350000/r2_z2_b0p1_c0p125/panel_summary.json
selected4,350000,r2_z2_b0p1_c0p125,constant_k3,cell,192,32,0.03125,0.0625,0.0625,41.69343117653861,12.332336187657976,12.913559844054788,0.354269531569039,/mnt/lustre/users/kiarash-eitgbi/code/hierarchical-kaveh-runs/atom4-latent-selected4-length256-500k-b256-recovery/b6ccee755b9420385ea09a132378e8a7af6d4193/esmfold/step0350000/r2_z2_b0p1_c0p125/panel_summary.json
selected4,350000,r2_z2_b0p1_c0p125,constant_k3,cell,224,32,0.03125,0.125,0.0625,50.28881817453164,8.138876766086263,5.753305541698058,0.5442226963024469,/mnt/lustre/users/kiarash-eitgbi/code/hierarchical-kaveh-runs/atom4-latent-selected4-length256-500k-b256-recovery/b6ccee755b9420385ea09a132378e8a7af6d4193/esmfold/step0350000/r2_z2_b0p1_c0p125/panel_summary.json
selected4,350000,r2_z2_b0p1_c0p125,constant_k3,cell,256,32,0.0,0.0625,0.03125,47.30099755315709,10.280029193802687,8.896044255443933,0.45852033219506444,/mnt/lustre/users/kiarash-eitgbi/code/hierarchical-kaveh-runs/atom4-latent-selected4-length256-500k-b256-recovery/b6ccee755b9420385ea09a132378e8a7af6d4193/esmfold/step0350000/r2_z2_b0p1_c0p125/panel_summary.json
scratch,50000,r1_z4_b0p03_c0p25,constant_k3,aggregate,all,224,0.03571428571428571,0.049107142857142856,0.35267857142857145,65.42370885172791,3.1639418269780677,2.303146576261854,0.7820290311561424,/mnt/lustre/users/kiarash-eitgbi/code/hierarchical-kaveh-runs/atom4-latent-r1_z4_b0p03_c0p25-length256-500k-b256-scratch-v2/b6ccee755b9420385ea09a132378e8a7af6d4193/esmfold/step0050000/r1_z4_b0p03_c0p25/panel_summary.json
scratch,50000,r1_z4_b0p03_c0p25,constant_k3,cell,64,32,0.09375,0.09375,0.71875,72.44077904253017,1.9279211082409495,1.7106429279291795,0.7670399126461096,/mnt/lustre/users/kiarash-eitgbi/code/hierarchical-kaveh-runs/atom4-latent-r1_z4_b0p03_c0p25-length256-500k-b256-scratch-v2/b6ccee755b9420385ea09a132378e8a7af6d4193/esmfold/step0050000/r1_z4_b0p03_c0p25/panel_summary.json
scratch,50000,r1_z4_b0p03_c0p25,constant_k3,cell,96,32,0.09375,0.09375,0.625,67.32441482642884,2.09265308075199,1.5503422597127765,0.8063672903190392,/mnt/lustre/users/kiarash-eitgbi/code/hierarchical-kaveh-runs/atom4-latent-r1_z4_b0p03_c0p25-length256-500k-b256-scratch-v2/b6ccee755b9420385ea09a132378e8a7af6d4193/esmfold/step0050000/r1_z4_b0p03_c0p25/panel_summary.json
scratch,50000,r1_z4_b0p03_c0p25,constant_k3,cell,128,32,0.03125,0.03125,0.34375,64.96724521160729,2.8247848025740376,2.1700027867285567,0.7812161926066231,/mnt/lustre/users/kiarash-eitgbi/code/hierarchical-kaveh-runs/atom4-latent-r1_z4_b0p03_c0p25-length256-500k-b256-scratch-v2/b6ccee755b9420385ea09a132378e8a7af6d4193/esmfold/step0050000/r1_z4_b0p03_c0p25/panel_summary.json
scratch,50000,r1_z4_b0p03_c0p25,constant_k3,cell,160,32,0.03125,0.03125,0.34375,63.29303762449426,3.8078332798839742,2.4927636892964062,0.7506783285755174,/mnt/lustre/users/kiarash-eitgbi/code/hierarchical-kaveh-runs/atom4-latent-r1_z4_b0p03_c0p25-length256-500k-b256-scratch-v2/b6ccee755b9420385ea09a132378e8a7af6d4193/esmfold/step0050000/r1_z4_b0p03_c0p25/panel_summary.json
scratch,50000,r1_z4_b0p03_c0p25,constant_k3,cell,192,32,0.0,0.0625,0.25,63.31575537370188,4.031685769230609,2.201069342721815,0.7662715312997141,/mnt/lustre/users/kiarash-eitgbi/code/hierarchical-kaveh-runs/atom4-latent-r1_z4_b0p03_c0p25-length256-500k-b256-scratch-v2/b6ccee755b9420385ea09a132378e8a7af6d4193/esmfold/step0050000/r1_z4_b0p03_c0p25/panel_summary.json
scratch,50000,r1_z4_b0p03_c0p25,constant_k3,cell,224,32,0.0,0.03125,0.15625,63.29731535303887,3.2671613960288095,2.7037268964692966,0.8281296329145411,/mnt/lustre/users/kiarash-eitgbi/code/hierarchical-kaveh-runs/atom4-latent-r1_z4_b0p03_c0p25-length256-500k-b256-scratch-v2/b6ccee755b9420385ea09a132378e8a7af6d4193/esmfold/step0050000/r1_z4_b0p03_c0p25/panel_summary.json
scratch,50000,r1_z4_b0p03_c0p25,constant_k3,cell,256,32,0.0,0.0,0.03125,63.32741453029402,4.195553352136102,2.7676639402472007,0.7745003297314532,/mnt/lustre/users/kiarash-eitgbi/code/hierarchical-kaveh-runs/atom4-latent-r1_z4_b0p03_c0p25-length256-500k-b256-scratch-v2/b6ccee755b9420385ea09a132378e8a7af6d4193/esmfold/step0050000/r1_z4_b0p03_c0p25/panel_summary.json
scratch,100000,r1_z4_b0p03_c0p25,constant_k3,aggregate,all,224,0.15178571428571427,0.20089285714285715,0.6116071428571429,72.81102052368401,2.463631844588304,1.8147887355634473,0.8408158256960172,/mnt/lustre/users/kiarash-eitgbi/code/hierarchical-kaveh-runs/atom4-latent-r1_z4_b0p03_c0p25-length256-500k-b256-scratch-v2/b6ccee755b9420385ea09a132378e8a7af6d4193/esmfold/step0100000/r1_z4_b0p03_c0p25/panel_summary.json
scratch,100000,r1_z4_b0p03_c0p25,constant_k3,cell,64,32,0.40625,0.46875,0.90625,77.21304058656003,1.2269442261101162,1.1214769755323575,0.8653215933631411,/mnt/lustre/users/kiarash-eitgbi/code/hierarchical-kaveh-runs/atom4-latent-r1_z4_b0p03_c0p25-length256-500k-b256-scratch-v2/b6ccee755b9420385ea09a132378e8a7af6d4193/esmfold/step0100000/r1_z4_b0p03_c0p25/panel_summary.json
scratch,100000,r1_z4_b0p03_c0p25,constant_k3,cell,96,32,0.21875,0.25,0.71875,73.41173889134899,2.05279710024122,1.397254430093432,0.837448619786314,/mnt/lustre/users/kiarash-eitgbi/code/hierarchical-kaveh-runs/atom4-latent-r1_z4_b0p03_c0p25-length256-500k-b256-scratch-v2/b6ccee755b9420385ea09a132378e8a7af6d4193/esmfold/step0100000/r1_z4_b0p03_c0p25/panel_summary.json
scratch,100000,r1_z4_b0p03_c0p25,constant_k3,cell,128,32,0.0625,0.125,0.53125,69.25405876167224,2.495243343538508,1.8831284106962545,0.8185905389465208,/mnt/lustre/users/kiarash-eitgbi/code/hierarchical-kaveh-runs/atom4-latent-r1_z4_b0p03_c0p25-length256-500k-b256-scratch-v2/b6ccee755b9420385ea09a132378e8a7af6d4193/esmfold/step0100000/r1_z4_b0p03_c0p25/panel_summary.json
scratch,100000,r1_z4_b0p03_c0p25,constant_k3,cell,160,32,0.03125,0.03125,0.5,67.71335612384749,3.338754886254422,2.035356406573956,0.7974830115882368,/mnt/lustre/users/kiarash-eitgbi/code/hierarchical-kaveh-runs/atom4-latent-r1_z4_b0p03_c0p25-length256-500k-b256-scratch-v2/b6ccee755b9420385ea09a132378e8a7af6d4193/esmfold/step0100000/r1_z4_b0p03_c0p25/panel_summary.json
scratch,100000,r1_z4_b0p03_c0p25,constant_k3,cell,192,32,0.125,0.1875,0.5,74.26680824802696,2.4622940663464163,2.0145627905420125,0.8537127627267787,/mnt/lustre/users/kiarash-eitgbi/code/hierarchical-kaveh-runs/atom4-latent-r1_z4_b0p03_c0p25-length256-500k-b256-scratch-v2/b6ccee755b9420385ea09a132378e8a7af6d4193/esmfold/step0100000/r1_z4_b0p03_c0p25/panel_summary.json
scratch,100000,r1_z4_b0p03_c0p25,constant_k3,cell,224,32,0.15625,0.21875,0.59375,74.80532510321989,2.6703408801403707,1.9361836796177827,0.854869509401522,/mnt/lustre/users/kiarash-eitgbi/code/hierarchical-kaveh-runs/atom4-latent-r1_z4_b0p03_c0p25-length256-500k-b256-scratch-v2/b6ccee755b9420385ea09a132378e8a7af6d4193/esmfold/step0100000/r1_z4_b0p03_c0p25/panel_summary.json
scratch,100000,r1_z4_b0p03_c0p25,constant_k3,cell,256,32,0.0625,0.125,0.53125,73.01281595111254,2.9990484094870746,1.8669291784568522,0.858284744059608,/mnt/lustre/users/kiarash-eitgbi/code/hierarchical-kaveh-runs/atom4-latent-r1_z4_b0p03_c0p25-length256-500k-b256-scratch-v2/b6ccee755b9420385ea09a132378e8a7af6d4193/esmfold/step0100000/r1_z4_b0p03_c0p25/panel_summary.json
scratch,150000,r1_z4_b0p03_c0p25,constant_k3,aggregate,all,224,0.20089285714285715,0.27232142857142855,0.5089285714285714,73.74889619173824,3.017735908695793,1.9352958726782483,0.826769123411256,/mnt/lustre/users/kiarash-eitgbi/code/hierarchical-kaveh-runs/atom4-latent-r1_z4_b0p03_c0p25-length256-500k-b256-scratch-v2/b6ccee755b9420385ea09a132378e8a7af6d4193/esmfold/step0150000/r1_z4_b0p03_c0p25/panel_summary.json
scratch,150000,r1_z4_b0p03_c0p25,constant_k3,cell,64,32,0.4375,0.5,0.84375,79.85603007489681,1.1388850235619208,1.0014473045483667,0.8812737510431704,/mnt/lustre/users/kiarash-eitgbi/code/hierarchical-kaveh-runs/atom4-latent-r1_z4_b0p03_c0p25-length256-500k-b256-scratch-v2/b6ccee755b9420385ea09a132378e8a7af6d4193/esmfold/step0150000/r1_z4_b0p03_c0p25/panel_summary.json
scratch,150000,r1_z4_b0p03_c0p25,constant_k3,cell,96,32,0.21875,0.21875,0.875,76.12523052013894,1.9340231233904268,1.1760044124722075,0.8788245568152477,/mnt/lustre/users/kiarash-eitgbi/code/hierarchical-kaveh-runs/atom4-latent-r1_z4_b0p03_c0p25-length256-500k-b256-scratch-v2/b6ccee755b9420385ea09a132378e8a7af6d4193/esmfold/step0150000/r1_z4_b0p03_c0p25/panel_summary.json
scratch,150000,r1_z4_b0p03_c0p25,constant_k3,cell,128,32,0.15625,0.25,0.59375,70.89920939796565,3.040920077231755,1.711438367374218,0.8021175523361601,/mnt/lustre/users/kiarash-eitgbi/code/hierarchical-kaveh-runs/atom4-latent-r1_z4_b0p03_c0p25-length256-500k-b256-scratch-v2/b6ccee755b9420385ea09a132378e8a7af6d4193/esmfold/step0150000/r1_z4_b0p03_c0p25/panel_summary.json
scratch,150000,r1_z4_b0p03_c0p25,constant_k3,cell,160,32,0.28125,0.3125,0.625,73.00482542263165,2.942321288665049,1.536818721049777,0.8463996527176132,/mnt/lustre/users/kiarash-eitgbi/code/hierarchical-kaveh-runs/atom4-latent-r1_z4_b0p03_c0p25-length256-500k-b256-scratch-v2/b6ccee755b9420385ea09a132378e8a7af6d4193/esmfold/step0150000/r1_z4_b0p03_c0p25/panel_summary.json
scratch,150000,r1_z4_b0p03_c0p25,constant_k3,cell,192,32,0.125,0.21875,0.4375,73.17560019430059,3.091004541529237,2.5417780892945077,0.8428227531366654,/mnt/lustre/users/kiarash-eitgbi/code/hierarchical-kaveh-runs/atom4-latent-r1_z4_b0p03_c0p25-length256-500k-b256-scratch-v2/b6ccee755b9420385ea09a132378e8a7af6d4193/esmfold/step0150000/r1_z4_b0p03_c0p25/panel_summary.json
scratch,150000,r1_z4_b0p03_c0p25,constant_k3,cell,224,32,0.15625,0.28125,0.15625,73.2127081383282,3.909349920900171,3.0538977876822084,0.7979209238669005,/mnt/lustre/users/kiarash-eitgbi/code/hierarchical-kaveh-runs/atom4-latent-r1_z4_b0p03_c0p25-length256-500k-b256-scratch-v2/b6ccee755b9420385ea09a132378e8a7af6d4193/esmfold/step0150000/r1_z4_b0p03_c0p25/panel_summary.json
scratch,150000,r1_z4_b0p03_c0p25,constant_k3,cell,256,32,0.03125,0.125,0.03125,69.96866959390579,5.067647385591988,4.012848323220454,0.7380246739630345,/mnt/lustre/users/kiarash-eitgbi/code/hierarchical-kaveh-runs/atom4-latent-r1_z4_b0p03_c0p25-length256-500k-b256-scratch-v2/b6ccee755b9420385ea09a132378e8a7af6d4193/esmfold/step0150000/r1_z4_b0p03_c0p25/panel_summary.json
